n,k,p,seed,total,depth
3,1,5,3,280,10
3,1,5,0,280,10
3,1,5,4,280,10
3,1,5,2,280,10
3,1,5,6,280,10
3,1,5,5,280,10
3,1,5,1,280,10
3,1,5,7,280,10
3,1,5,8,280,10
3,1,6,0,331,12
3,1,5,9,280,10
3,1,6,1,331,12
3,1,6,3,331,12
3,1,6,2,331,12
3,1,6,5,331,12
3,1,6,4,331,12
3,1,6,6,331,12
3,1,6,8,331,12
3,1,6,7,331,12
3,1,7,3,382,14
3,1,6,9,331,12
3,1,7,0,382,14
3,1,7,1,382,14
3,1,7,2,382,14
3,1,7,4,382,14
3,1,7,8,382,14
3,1,7,6,382,14
3,1,7,5,382,14
3,1,7,7,382,14
3,1,8,0,433,16
3,1,7,9,382,14
3,1,8,1,433,16
3,1,8,2,433,16
3,1,8,4,433,16
3,1,8,3,433,16
3,1,8,7,433,16
3,1,8,6,433,16
3,1,8,8,433,16
3,1,8,5,433,16
3,1,8,9,433,16
3,1,9,0,484,18
3,1,9,2,484,18
3,1,9,1,484,18
3,1,9,3,484,18
3,1,9,7,484,18
3,1,9,5,484,18
3,1,9,4,484,18
3,1,9,6,484,18
3,1,9,8,484,18
3,1,9,9,484,18
3,1,10,0,535,20
3,1,10,3,535,20
3,1,10,1,535,20
3,1,10,2,535,20
3,1,10,4,535,20
3,1,10,5,535,20
3,1,10,7,535,20
3,1,10,6,535,20
3,1,11,0,586,22
3,1,10,9,535,20
3,1,11,1,586,22
3,1,10,8,535,20
3,1,11,3,586,22
3,1,11,2,586,22
3,1,11,4,586,22
3,1,11,5,586,22
3,1,11,6,586,22
3,1,11,9,586,22
3,1,11,7,586,22
3,1,11,8,586,22
3,1,12,0,637,24
3,1,12,1,637,24
3,1,12,3,637,24
3,1,12,4,637,24
3,1,12,2,637,24
3,1,12,5,637,24
3,1,12,7,637,24
3,1,12,6,637,24
3,1,12,8,637,24
3,1,12,9,637,24
3,1,13,2,688,26
3,1,13,1,688,26
3,1,13,5,688,26
3,1,13,6,688,26
3,1,13,3,688,26
3,1,13,0,688,26
3,1,13,7,688,26
3,1,13,4,688,26
3,1,13,9,688,26
3,1,13,8,688,26
3,1,14,1,739,28
3,1,14,2,739,28
3,1,14,5,739,28
3,1,14,4,739,28
3,1,14,0,739,28
3,1,14,3,739,28
3,1,14,6,739,28
3,1,14,9,739,28
3,1,14,7,739,28
3,1,15,1,790,30
3,1,15,0,790,30
3,1,15,2,790,30
3,1,14,8,739,28
3,1,15,3,790,30
3,1,15,4,790,30
3,1,15,5,790,30
3,1,15,6,790,30
3,1,15,8,790,30
3,1,15,9,790,30
3,1,15,7,790,30
3,1,16,0,841,32
3,1,16,1,841,32
3,1,16,2,841,32
3,1,16,3,841,32
3,1,16,4,841,32
3,1,16,5,841,32
3,1,16,7,841,32
3,1,16,6,841,32
3,1,16,9,841,32
3,1,16,8,841,32
3,1,17,0,892,34
3,1,17,1,892,34
3,1,17,2,892,34
3,1,17,3,892,34
3,1,17,6,892,34
3,1,17,5,892,34
3,1,17,4,892,34
3,1,17,7,892,34
3,1,17,8,892,34
3,1,18,0,943,36
3,1,17,9,892,34
3,1,18,3,943,36
3,1,18,1,943,36
3,1,18,4,943,36
3,1,18,2,943,36
3,1,18,5,943,36
3,1,18,6,943,36
3,1,18,7,943,36
3,1,18,8,943,36
3,1,19,0,994,38
3,1,18,9,943,36
3,1,19,2,994,38
3,1,19,1,994,38
3,1,19,3,994,38
3,1,19,4,994,38
3,1,19,5,994,38
3,1,19,8,994,38
3,1,19,7,994,38
3,1,19,6,994,38
3,1,19,9,994,38
3,1,20,0,1045,40
3,1,20,1,1045,40
3,1,20,2,1045,40
3,1,20,3,1045,40
3,1,20,4,1045,40
3,1,20,5,1045,40
3,1,20,7,1045,40
3,1,20,6,1045,40
3,1,20,8,1045,40
3,1,20,9,1045,40
3,1,21,0,1096,42
3,1,21,1,1096,42
3,1,21,2,1096,42
3,1,21,3,1096,42
3,1,21,4,1096,42
3,1,21,5,1096,42
3,1,21,6,1096,42
3,1,21,7,1096,42
3,1,21,8,1096,42
3,1,21,9,1096,42
3,1,22,2,1147,44
3,1,22,1,1147,44
3,1,22,3,1147,44
3,1,22,0,1147,44
3,1,22,4,1147,44
3,1,22,5,1147,44
3,1,22,6,1147,44
3,1,22,7,1147,44
3,1,22,8,1147,44
3,1,22,9,1147,44
3,1,23,1,1198,46
3,1,23,0,1198,46
3,1,23,2,1198,46
3,1,23,3,1198,46
3,1,23,4,1198,46
3,1,23,5,1198,46
3,1,23,6,1198,46
3,1,23,8,1198,46
3,1,23,7,1198,46
3,1,23,9,1198,46
3,1,24,0,1249,48
3,1,24,1,1249,48
3,1,24,2,1249,48
3,1,24,3,1249,48
3,1,24,4,1249,48
3,1,24,5,1249,48
3,1,24,7,1249,48
3,1,24,6,1249,48
3,1,24,8,1249,48
3,1,24,9,1249,48
3,2,5,0,280,10
3,2,5,1,280,10
3,2,5,2,280,10
3,2,5,3,280,10
3,2,5,4,280,10
3,2,5,5,280,10
3,2,5,6,280,10
3,2,5,7,280,10
3,2,5,8,280,10
3,2,5,9,280,10
3,2,6,0,331,12
3,2,6,2,331,12
3,2,6,1,331,12
3,2,6,3,331,12
3,2,6,4,331,12
3,2,6,5,331,12
3,2,6,6,331,12
3,2,6,7,331,12
3,2,6,8,331,12
3,2,6,9,331,12
3,2,7,0,382,14
3,2,7,1,382,14
3,2,7,2,382,14
3,2,7,3,382,14
3,2,7,4,382,14
3,2,7,5,382,14
3,2,7,6,382,14
3,2,7,7,382,14
3,2,7,8,382,14
3,2,7,9,382,14
3,2,8,0,433,16
3,2,8,1,433,16
3,2,8,2,433,16
3,2,8,3,433,16
3,2,8,4,433,16
3,2,8,6,433,16
3,2,8,5,433,16
3,2,8,7,433,16
3,2,8,8,433,16
3,2,8,9,433,16
3,2,9,0,484,18
3,2,9,1,484,18
3,2,9,2,484,18
3,2,9,4,484,18
3,2,9,3,484,18
3,2,9,6,484,18
3,2,9,7,484,18
3,2,9,5,484,18
3,2,9,8,484,18
3,2,9,9,484,18
3,2,10,1,535,20
3,2,10,0,535,20
3,2,10,2,535,20
3,2,10,3,535,20
3,2,10,6,535,20
3,2,10,7,535,20
3,2,11,0,586,22
3,2,11,1,586,22
3,2,10,9,535,20
3,2,10,4,535,20
3,2,10,8,535,20
3,2,10,5,535,20
3,2,11,3,586,22
3,2,11,2,586,22
3,2,11,4,586,22
3,2,11,6,586,22
3,2,11,9,586,22
3,2,11,8,586,22
3,2,12,0,637,24
3,2,11,5,586,22
3,2,11,7,586,22
3,2,12,1,637,24
3,2,12,2,637,24
3,2,12,4,637,24
3,2,12,3,637,24
3,2,12,5,637,24
3,2,12,6,637,24
3,2,12,8,637,24
3,2,12,9,637,24
3,2,12,7,637,24
3,2,13,0,688,26
3,2,13,1,688,26
3,2,13,2,688,26
3,2,13,3,688,26
3,2,13,4,688,26
3,2,13,5,688,26
3,2,13,7,688,26
3,2,13,6,688,26
3,2,13,8,688,26
3,2,13,9,688,26
3,2,14,0,739,28
3,2,14,1,739,28
3,2,14,2,739,28
3,2,14,3,739,28
3,2,14,4,739,28
3,2,14,5,739,28
3,2,14,6,739,28
3,2,14,8,739,28
3,2,14,7,739,28
3,2,14,9,739,28
3,2,15,1,790,30
3,2,15,0,790,30
3,2,15,2,790,30
3,2,15,3,790,30
3,2,15,5,790,30
3,2,15,4,790,30
3,2,15,6,790,30
3,2,15,7,790,30
3,2,16,0,841,32
3,2,15,8,790,30
3,2,15,9,790,30
3,2,16,1,841,32
3,2,16,4,841,32
3,2,16,2,841,32
3,2,16,5,841,32
3,2,16,3,841,32
3,2,16,6,841,32
3,2,16,7,841,32
3,2,16,8,841,32
3,2,16,9,841,32
3,2,17,0,892,34
3,2,17,1,892,34
3,2,17,2,892,34
3,2,17,3,892,34
3,2,17,4,892,34
3,2,17,5,892,34
3,2,17,6,892,34
3,2,17,7,892,34
3,2,17,8,892,34
3,2,17,9,892,34
3,2,18,0,943,36
3,2,18,1,943,36
3,2,18,2,943,36
3,2,18,3,943,36
3,2,18,4,943,36
3,2,18,5,943,36
3,2,18,6,943,36
3,2,18,7,943,36
3,2,18,9,943,36
3,2,18,8,943,36
3,2,19,0,994,38
3,2,19,2,994,38
3,2,19,1,994,38
3,2,19,3,994,38
3,2,19,6,994,38
3,2,19,4,994,38
3,2,19,7,994,38
3,2,19,8,994,38
3,2,19,5,994,38
3,2,19,9,994,38
3,2,20,0,1045,40
3,2,20,1,1045,40
3,2,20,2,1045,40
3,2,20,3,1045,40
3,2,20,4,1045,40
3,2,20,5,1045,40
3,2,20,6,1045,40
3,2,20,7,1045,40
3,2,20,8,1045,40
3,2,20,9,1045,40
3,2,21,0,1096,42
3,2,21,1,1096,42
3,2,21,3,1096,42
3,2,21,2,1096,42
3,2,21,4,1096,42
3,2,21,5,1096,42
3,2,21,6,1096,42
3,2,21,7,1096,42
3,2,21,8,1096,42
3,2,21,9,1096,42
3,2,22,0,1147,44
3,2,22,1,1147,44
3,2,22,3,1147,44
3,2,22,2,1147,44
3,2,22,4,1147,44
3,2,22,5,1147,44
3,2,22,6,1147,44
3,2,22,7,1147,44
3,2,22,8,1147,44
3,2,22,9,1147,44
3,2,23,1,1198,46
3,2,23,0,1198,46
3,2,23,2,1198,46
3,2,23,3,1198,46
3,2,23,4,1198,46
3,2,23,5,1198,46
3,2,23,6,1198,46
3,2,23,7,1198,46
3,2,23,8,1198,46
3,2,24,0,1249,48
3,2,24,2,1249,48
3,2,24,3,1249,48
3,2,24,4,1249,48
3,2,24,6,1249,48
3,2,24,5,1249,48
3,2,24,1,1249,48
3,2,23,9,1198,46
3,2,24,7,1249,48
3,2,24,9,1249,48
3,2,24,8,1249,48
4,1,5,0,877,24
4,1,5,1,877,24
4,1,5,3,877,24
4,1,5,5,877,24
4,1,5,2,877,24
4,1,5,4,877,24
4,1,5,6,877,24
4,1,5,7,877,24
4,1,6,0,1041,28
4,1,5,8,877,24
4,1,6,1,1041,28
4,1,6,3,1041,28
4,1,6,2,1041,28
4,1,5,9,877,24
4,1,6,4,1041,28
4,1,6,5,1041,28
4,1,6,6,1041,28
4,1,7,0,1205,32
4,1,7,2,1205,32
4,1,6,8,1041,28
4,1,7,1,1205,32
4,1,6,9,1041,28
4,1,6,7,1041,28
4,1,7,3,1205,32
4,1,7,4,1205,32
4,1,7,5,1205,32
4,1,7,6,1205,32
4,1,7,7,1205,32
4,1,7,9,1205,32
4,1,7,8,1205,32
4,1,8,0,1369,36
4,1,8,1,1369,36
4,1,8,2,1369,36
4,1,8,3,1369,36
4,1,8,4,1369,36
4,1,8,5,1369,36
4,1,8,6,1369,36
4,1,8,7,1369,36
4,1,8,8,1369,36
4,1,8,9,1369,36
4,1,9,0,1533,40
4,1,9,1,1533,40
4,1,9,2,1533,40
4,1,9,3,1533,40
4,1,9,5,1533,40
4,1,9,4,1533,40
4,1,9,6,1533,40
4,1,9,7,1533,40
4,1,9,8,1533,40
4,1,9,9,1533,40
4,1,10,1,1697,44
4,1,10,0,1697,44
4,1,10,2,1697,44
4,1,10,3,1697,44
4,1,10,4,1697,44
4,1,10,5,1697,44
4,1,10,6,1697,44
4,1,10,7,1697,44
4,1,10,9,1697,44
4,1,10,8,1697,44
4,1,11,1,1861,48
4,1,11,0,1861,48
4,1,11,2,1861,48
4,1,11,3,1861,48
4,1,11,4,1861,48
4,1,11,5,1861,48
4,1,11,7,1861,48
4,1,11,6,1861,48
4,1,11,8,1861,48
4,1,12,0,2025,52
4,1,11,9,1861,48
4,1,12,1,2025,52
4,1,12,2,2025,52
4,1,12,3,2025,52
4,1,12,4,2025,52
4,1,12,5,2025,52
4,1,12,6,2025,52
4,1,12,7,2025,52
4,1,12,8,2025,52
4,1,12,9,2025,52
4,1,13,0,2189,56
4,1,13,1,2189,56
4,1,13,3,2189,56
4,1,13,2,2189,56
4,1,13,4,2189,56
4,1,13,6,2189,56
4,1,13,5,2189,56
4,1,13,7,2189,56
4,1,13,8,2189,56
4,1,13,9,2189,56
4,1,14,1,2353,60
4,1,14,0,2353,60
4,1,14,2,2353,60
4,1,14,3,2353,60
4,1,14,4,2353,60
4,1,14,5,2353,60
4,1,14,6,2353,60
4,1,14,7,2353,60
4,1,14,8,2353,60
4,1,14,9,2353,60
4,1,15,0,2517,64
4,1,15,2,2517,64
4,1,15,1,2517,64
4,1,15,3,2517,64
4,1,15,4,2517,64
4,1,15,5,2517,64
4,1,15,6,2517,64
4,1,15,7,2517,64
4,1,15,8,2517,64
4,1,16,0,2681,68
4,1,15,9,2517,64
4,1,16,1,2681,68
4,1,16,2,2681,68
4,1,16,3,2681,68
4,1,16,4,2681,68
4,1,16,5,2681,68
4,1,16,7,2681,68
4,1,16,6,2681,68
4,1,16,8,2681,68
4,1,16,9,2681,68
4,1,17,0,2845,72
4,1,17,1,2845,72
4,1,17,2,2845,72
4,1,17,3,2845,72
4,1,17,4,2845,72
4,1,17,6,2845,72
4,1,17,5,2845,72
4,1,17,7,2845,72
4,1,17,8,2845,72
4,1,17,9,2845,72
4,1,18,0,3009,76
4,1,18,3,3009,76
4,1,18,1,3009,76
4,1,18,2,3009,76
4,1,18,4,3009,76
4,1,18,5,3009,76
4,1,18,6,3009,76
4,1,18,7,3009,76
4,1,18,8,3009,76
4,1,19,1,3173,80
4,1,19,0,3173,80
4,1,18,9,3009,76
4,1,19,2,3173,80
4,1,19,3,3173,80
4,1,19,4,3173,80
4,1,19,6,3173,80
4,1,19,5,3173,80
4,1,19,8,3173,80
4,1,20,0,3337,84
4,1,19,9,3173,80
4,1,19,7,3173,80
4,1,20,1,3337,84
4,1,20,2,3337,84
4,1,20,3,3337,84
4,1,20,4,3337,84
4,1,20,6,3337,84
4,1,20,5,3337,84
4,1,20,7,3337,84
4,1,20,8,3337,84
4,1,20,9,3337,84
4,1,21,0,3501,88
4,1,21,3,3501,88
4,1,21,4,3501,88
4,1,21,1,3501,88
4,1,21,2,3501,88
4,1,21,6,3501,88
4,1,21,5,3501,88
4,1,21,7,3501,88
4,1,21,9,3501,88
4,1,22,1,3665,92
4,1,21,8,3501,88
4,1,22,3,3665,92
4,1,22,2,3665,92
4,1,22,4,3665,92
4,1,22,0,3665,92
4,1,22,5,3665,92
4,1,22,7,3665,92
4,1,22,6,3665,92
4,1,22,9,3665,92
4,1,22,8,3665,92
4,1,23,2,3829,96
4,1,23,1,3829,96
4,1,23,0,3829,96
4,1,23,3,3829,96
4,1,23,5,3829,96
4,1,23,6,3829,96
4,1,23,7,3829,96
4,1,23,8,3829,96
4,1,23,4,3829,96
4,1,23,9,3829,96
4,1,24,0,3993,100
4,1,24,1,3993,100
4,1,24,3,3993,100
4,1,24,2,3993,100
4,1,24,4,3993,100
4,1,24,5,3993,100
4,1,24,6,3993,100
4,1,24,7,3993,100
4,1,24,9,3993,100
4,1,24,8,3993,100
4,2,5,0,877,24
4,2,5,1,877,24
4,2,5,2,877,24
4,2,5,4,877,24
4,2,5,5,877,24
4,2,5,3,877,24
4,2,5,7,877,24
4,2,5,6,877,24
4,2,5,8,877,24
4,2,5,9,877,24
4,2,6,1,1041,28
4,2,6,0,1041,28
4,2,6,2,1041,28
4,2,6,3,1041,28
4,2,6,5,1041,28
4,2,6,4,1041,28
4,2,6,6,1041,28
4,2,6,7,1041,28
4,2,6,9,1041,28
4,2,6,8,1041,28
4,2,7,0,1205,32
4,2,7,2,1205,32
4,2,7,3,1205,32
4,2,7,1,1205,32
4,2,7,5,1205,32
4,2,7,4,1205,32
4,2,7,6,1205,32
4,2,7,7,1205,32
4,2,7,8,1205,32
4,2,8,0,1369,36
4,2,7,9,1205,32
4,2,8,1,1369,36
4,2,8,2,1369,36
4,2,8,3,1369,36
4,2,8,4,1369,36
4,2,8,6,1369,36
4,2,8,5,1369,36
4,2,8,7,1369,36
4,2,8,8,1369,36
4,2,8,9,1369,36
4,2,9,0,1533,40
4,2,9,1,1533,40
4,2,9,2,1533,40
4,2,9,4,1533,40
4,2,9,3,1533,40
4,2,9,5,1533,40
4,2,9,6,1533,40
4,2,9,7,1533,40
4,2,9,8,1533,40
4,2,10,0,1697,44
4,2,9,9,1533,40
4,2,10,3,1697,44
4,2,10,1,1697,44
4,2,10,2,1697,44
4,2,10,5,1697,44
4,2,10,4,1697,44
4,2,10,6,1697,44
4,2,10,7,1697,44
4,2,10,8,1697,44
4,2,11,0,1861,48
4,2,10,9,1697,44
4,2,11,2,1861,48
4,2,11,1,1861,48
4,2,11,3,1861,48
4,2,11,4,1861,48
4,2,11,5,1861,48
4,2,11,8,1861,48
4,2,11,7,1861,48
4,2,11,6,1861,48
4,2,11,9,1861,48
4,2,12,0,2025,52
4,2,12,1,2025,52
4,2,12,2,2025,52
4,2,12,3,2025,52
4,2,12,4,2025,52
4,2,12,5,2025,52
4,2,12,6,2025,52
4,2,12,7,2025,52
4,2,12,8,2025,52
4,2,12,9,2025,52
4,2,13,0,2189,56
4,2,13,1,2189,56
4,2,13,2,2189,56
4,2,13,4,2189,56
4,2,13,3,2189,56
4,2,13,5,2189,56
4,2,13,6,2189,56
4,2,13,7,2189,56
4,2,13,8,2189,56
4,2,13,9,2189,56
4,2,14,0,2353,60
4,2,14,1,2353,60
4,2,14,2,2353,60
4,2,14,3,2353,60
4,2,14,4,2353,60
4,2,14,5,2353,60
4,2,14,6,2353,60
4,2,14,7,2353,60
4,2,14,8,2353,60
4,2,14,9,2353,60
4,2,15,0,2517,64
4,2,15,1,2517,64
4,2,15,2,2517,64
4,2,15,3,2517,64
4,2,15,4,2517,64
4,2,15,5,2517,64
4,2,15,6,2517,64
4,2,15,7,2517,64
4,2,15,8,2517,64
4,2,15,9,2517,64
4,2,16,0,2681,68
4,2,16,1,2681,68
4,2,16,2,2681,68
4,2,16,3,2681,68
4,2,16,4,2681,68
4,2,16,5,2681,68
4,2,16,6,2681,68
4,2,16,7,2681,68
4,2,16,8,2681,68
4,2,16,9,2681,68
4,2,17,0,2845,72
4,2,17,1,2845,72
4,2,17,2,2845,72
4,2,17,3,2845,72
4,2,17,4,2845,72
4,2,17,5,2845,72
4,2,17,6,2845,72
4,2,17,7,2845,72
4,2,17,8,2845,72
4,2,17,9,2845,72
4,2,18,0,3009,76
4,2,18,1,3009,76
4,2,18,2,3009,76
4,2,18,3,3009,76
4,2,18,4,3009,76
4,2,18,5,3009,76
4,2,18,6,3009,76
4,2,18,7,3009,76
4,2,18,9,3009,76
4,2,18,8,3009,76
4,2,19,1,3173,80
4,2,19,0,3173,80
4,2,19,2,3173,80
4,2,19,3,3173,80
4,2,19,4,3173,80
4,2,19,5,3173,80
4,2,19,6,3173,80
4,2,19,7,3173,80
4,2,19,8,3173,80
4,2,19,9,3173,80
4,2,20,0,3337,84
4,2,20,1,3337,84
4,2,20,3,3337,84
4,2,20,2,3337,84
4,2,20,4,3337,84
4,2,20,5,3337,84
4,2,20,6,3337,84
4,2,20,7,3337,84
4,2,20,8,3337,84
4,2,20,9,3337,84
4,2,21,0,3501,88
4,2,21,1,3501,88
4,2,21,2,3501,88
4,2,21,3,3501,88
4,2,21,4,3501,88
4,2,21,5,3501,88
4,2,21,6,3501,88
4,2,21,7,3501,88
4,2,21,8,3501,88
4,2,21,9,3501,88
4,2,22,0,3665,92
4,2,22,1,3665,92
4,2,22,2,3665,92
4,2,22,3,3665,92
4,2,22,4,3665,92
4,2,22,5,3665,92
4,2,22,6,3665,92
4,2,22,7,3665,92
4,2,22,8,3665,92
4,2,22,9,3665,92
4,2,23,0,3829,96
4,2,23,1,3829,96
4,2,23,2,3829,96
4,2,23,3,3829,96
4,2,23,4,3829,96
4,2,23,5,3829,96
4,2,23,6,3829,96
4,2,23,7,3829,96
4,2,23,8,3829,96
4,2,23,9,3829,96
4,2,24,0,3993,100
4,2,24,1,3993,100
4,2,24,2,3993,100
4,2,24,3,3993,100
4,2,24,4,3993,100
4,2,24,5,3993,100
4,2,24,6,3993,100
4,2,24,7,3993,100
4,2,24,8,3993,100
4,2,24,9,3993,100
4,3,5,0,877,24
4,3,5,1,877,24
4,3,5,2,877,24
4,3,5,3,877,24
4,3,5,4,877,24
4,3,5,5,877,24
4,3,5,6,877,24
4,3,5,7,877,24
4,3,5,9,877,24
4,3,5,8,877,24
4,3,6,0,1041,28
4,3,6,1,1041,28
4,3,6,2,1041,28
4,3,6,3,1041,28
4,3,6,4,1041,28
4,3,6,5,1041,28
4,3,6,6,1041,28
4,3,6,7,1041,28
4,3,6,8,1041,28
4,3,6,9,1041,28
4,3,7,0,1205,32
4,3,7,1,1205,32
4,3,7,2,1205,32
4,3,7,3,1205,32
4,3,7,4,1205,32
4,3,7,5,1205,32
4,3,7,6,1205,32
4,3,7,7,1205,32
4,3,7,8,1205,32
4,3,7,9,1205,32
4,3,8,0,1369,36
4,3,8,1,1369,36
4,3,8,2,1369,36
4,3,8,3,1369,36
4,3,8,4,1369,36
4,3,8,5,1369,36
4,3,8,6,1369,36
4,3,8,7,1369,36
4,3,8,8,1369,36
4,3,8,9,1369,36
4,3,9,0,1533,40
4,3,9,1,1533,40
4,3,9,2,1533,40
4,3,9,3,1533,40
4,3,9,4,1533,40
4,3,9,5,1533,40
4,3,9,6,1533,40
4,3,9,7,1533,40
4,3,9,9,1533,40
4,3,9,8,1533,40
4,3,10,0,1697,44
4,3,10,1,1697,44
4,3,10,2,1697,44
4,3,10,3,1697,44
4,3,10,4,1697,44
4,3,10,5,1697,44
4,3,10,7,1697,44
4,3,10,6,1697,44
4,3,10,8,1697,44
4,3,10,9,1697,44
4,3,11,0,1861,48
4,3,11,1,1861,48
4,3,11,2,1861,48
4,3,11,3,1861,48
4,3,11,5,1861,48
4,3,11,4,1861,48
4,3,11,6,1861,48
4,3,11,7,1861,48
4,3,11,8,1861,48
4,3,11,9,1861,48
4,3,12,0,2025,52
4,3,12,1,2025,52
4,3,12,2,2025,52
4,3,12,3,2025,52
4,3,12,4,2025,52
4,3,12,5,2025,52
4,3,12,6,2025,52
4,3,12,7,2025,52
4,3,12,8,2025,52
4,3,12,9,2025,52
4,3,13,0,2189,56
4,3,13,1,2189,56
4,3,13,2,2189,56
4,3,13,3,2189,56
4,3,13,4,2189,56
4,3,13,5,2189,56
4,3,13,6,2189,56
4,3,13,7,2189,56
4,3,13,9,2189,56
4,3,13,8,2189,56
4,3,14,0,2353,60
4,3,14,1,2353,60
4,3,14,2,2353,60
4,3,14,3,2353,60
4,3,14,4,2353,60
4,3,14,5,2353,60
4,3,14,6,2353,60
4,3,14,7,2353,60
4,3,14,8,2353,60
4,3,14,9,2353,60
4,3,15,0,2517,64
4,3,15,1,2517,64
4,3,15,2,2517,64
4,3,15,3,2517,64
4,3,15,4,2517,64
4,3,15,5,2517,64
4,3,15,6,2517,64
4,3,15,7,2517,64
4,3,15,8,2517,64
4,3,15,9,2517,64
4,3,16,0,2681,68
4,3,16,1,2681,68
4,3,16,2,2681,68
4,3,16,3,2681,68
4,3,16,4,2681,68
4,3,16,5,2681,68
4,3,16,6,2681,68
4,3,16,7,2681,68
4,3,16,8,2681,68
4,3,16,9,2681,68
4,3,17,0,2845,72
4,3,17,1,2845,72
4,3,17,2,2845,72
4,3,17,3,2845,72
4,3,17,4,2845,72
4,3,17,5,2845,72
4,3,17,6,2845,72
4,3,17,7,2845,72
4,3,17,8,2845,72
4,3,17,9,2845,72
4,3,18,0,3009,76
4,3,18,1,3009,76
4,3,18,2,3009,76
4,3,18,3,3009,76
4,3,18,4,3009,76
4,3,18,5,3009,76
4,3,18,6,3009,76
4,3,18,7,3009,76
4,3,18,9,3009,76
4,3,18,8,3009,76
4,3,19,0,3173,80
4,3,19,1,3173,80
4,3,19,2,3173,80
4,3,19,3,3173,80
4,3,19,4,3173,80
4,3,19,5,3173,80
4,3,19,6,3173,80
4,3,19,7,3173,80
4,3,19,8,3173,80
4,3,19,9,3173,80
4,3,20,0,3337,84
4,3,20,1,3337,84
4,3,20,2,3337,84
4,3,20,3,3337,84
4,3,20,4,3337,84
4,3,20,5,3337,84
4,3,20,6,3337,84
4,3,20,8,3337,84
4,3,20,7,3337,84
4,3,20,9,3337,84
4,3,21,0,3501,88
4,3,21,1,3501,88
4,3,21,2,3501,88
4,3,21,3,3501,88
4,3,21,4,3501,88
4,3,21,6,3501,88
4,3,21,5,3501,88
4,3,21,7,3501,88
4,3,21,8,3501,88
4,3,21,9,3501,88
4,3,22,0,3665,92
4,3,22,1,3665,92
4,3,22,2,3665,92
4,3,22,4,3665,92
4,3,22,3,3665,92
4,3,22,5,3665,92
4,3,22,6,3665,92
4,3,22,7,3665,92
4,3,22,8,3665,92
4,3,22,9,3665,92
4,3,23,0,3829,96
4,3,23,1,3829,96
4,3,23,2,3829,96
4,3,23,3,3829,96
4,3,23,4,3829,96
4,3,23,5,3829,96
4,3,23,6,3829,96
4,3,23,7,3829,96
4,3,23,8,3829,96
4,3,23,9,3829,96
4,3,24,0,3993,100
4,3,24,1,3993,100
4,3,24,2,3993,100
4,3,24,3,3993,100
4,3,24,4,3993,100
4,3,24,5,3993,100
4,3,24,6,3993,100
4,3,24,7,3993,100
4,3,24,8,3993,100
4,3,24,9,3993,100
5,1,5,0,1771,22
5,1,5,1,1771,22
5,1,5,2,1771,22
5,1,5,3,1771,22
5,1,5,4,1771,22
5,1,5,5,1771,22
5,1,5,6,1771,22
5,1,5,7,1771,22
5,1,5,8,1771,22
5,1,5,9,1771,22
5,1,6,0,2101,26
5,1,6,1,2101,26
5,1,6,2,2101,26
5,1,6,3,2101,26
5,1,6,4,2101,26
5,1,6,5,2101,26
5,1,6,6,2101,26
5,1,6,7,2101,26
5,1,6,8,2101,26
5,1,6,9,2101,26
5,1,7,0,2431,30
5,1,7,1,2431,30
5,1,7,2,2431,30
5,1,7,3,2431,30
5,1,7,4,2431,30
5,1,7,5,2431,30
5,1,7,7,2431,30
5,1,7,6,2431,30
5,1,7,8,2431,30
5,1,7,9,2431,30
5,1,8,0,2761,34
5,1,8,1,2761,34
5,1,8,2,2761,34
5,1,8,3,2761,34
5,1,8,5,2761,34
5,1,8,4,2761,34
5,1,8,6,2761,34
5,1,8,7,2761,34
5,1,8,8,2761,34
5,1,8,9,2761,34
5,1,9,0,3091,38
5,1,9,1,3091,38
5,1,9,3,3091,38
5,1,9,2,3091,38
5,1,9,4,3091,38
5,1,9,5,3091,38
5,1,9,6,3091,38
5,1,9,7,3091,38
5,1,9,8,3091,38
5,1,9,9,3091,38
5,1,10,0,3421,42
5,1,10,1,3421,42
5,1,10,2,3421,42
5,1,10,3,3421,42
5,1,10,4,3421,42
5,1,10,5,3421,42
5,1,10,6,3421,42
5,1,10,7,3421,42
5,1,10,8,3421,42
5,1,11,0,3751,46
5,1,10,9,3421,42
5,1,11,1,3751,46
5,1,11,2,3751,46
5,1,11,3,3751,46
5,1,11,4,3751,46
5,1,11,5,3751,46
5,1,11,6,3751,46
5,1,11,8,3751,46
5,1,11,7,3751,46
5,1,11,9,3751,46
5,1,12,0,4081,50
5,1,12,1,4081,50
5,1,12,2,4081,50
5,1,12,3,4081,50
5,1,12,4,4081,50
5,1,12,6,4081,50
5,1,12,5,4081,50
5,1,12,7,4081,50
5,1,12,8,4081,50
5,1,12,9,4081,50
5,1,13,0,4411,54
5,1,13,1,4411,54
5,1,13,2,4411,54
5,1,13,3,4411,54
5,1,13,4,4411,54
5,1,13,5,4411,54
5,1,13,6,4411,54
5,1,13,7,4411,54
5,1,13,8,4411,54
5,1,13,9,4411,54
5,1,14,0,4741,58
5,1,14,1,4741,58
5,1,14,2,4741,58
5,1,14,3,4741,58
5,1,14,4,4741,58
5,1,14,5,4741,58
5,1,14,6,4741,58
5,1,14,7,4741,58
5,1,14,9,4741,58
5,1,14,8,4741,58
5,1,15,0,5071,62
5,1,15,1,5071,62
5,1,15,2,5071,62
5,1,15,3,5071,62
5,1,15,4,5071,62
5,1,15,5,5071,62
5,1,15,7,5071,62
5,1,15,6,5071,62
5,1,15,8,5071,62
5,1,15,9,5071,62
5,1,16,0,5401,66
5,1,16,1,5401,66
5,1,16,2,5401,66
5,1,16,3,5401,66
5,1,16,4,5401,66
5,1,16,5,5401,66
5,1,16,6,5401,66
5,1,16,7,5401,66
5,1,16,8,5401,66
5,1,16,9,5401,66
5,1,17,0,5731,70
5,1,17,1,5731,70
5,1,17,2,5731,70
5,1,17,3,5731,70
5,1,17,4,5731,70
5,1,17,5,5731,70
5,1,17,6,5731,70
5,1,17,7,5731,70
5,1,17,8,5731,70
5,1,17,9,5731,70
5,1,18,0,6061,74
5,1,18,1,6061,74
5,1,18,2,6061,74
5,1,18,3,6061,74
5,1,18,4,6061,74
5,1,18,5,6061,74
5,1,18,6,6061,74
5,1,18,7,6061,74
5,1,18,8,6061,74
5,1,18,9,6061,74
5,1,19,0,6391,78
5,1,19,1,6391,78
5,1,19,2,6391,78
5,1,19,3,6391,78
5,1,19,4,6391,78
5,1,19,5,6391,78
5,1,19,6,6391,78
5,1,19,8,6391,78
5,1,19,7,6391,78
5,1,19,9,6391,78
5,1,20,0,6721,82
5,1,20,1,6721,82
5,1,20,2,6721,82
5,1,20,3,6721,82
5,1,20,4,6721,82
5,1,20,5,6721,82
5,1,20,6,6721,82
5,1,20,7,6721,82
5,1,20,8,6721,82
5,1,20,9,6721,82
5,1,21,0,7051,86
5,1,21,1,7051,86
5,1,21,2,7051,86
5,1,21,4,7051,86
5,1,21,3,7051,86
5,1,21,5,7051,86
5,1,21,6,7051,86
5,1,21,7,7051,86
5,1,21,8,7051,86
5,1,21,9,7051,86
5,1,22,0,7381,90
5,1,22,1,7381,90
5,1,22,2,7381,90
5,1,22,3,7381,90
5,1,22,4,7381,90
5,1,22,5,7381,90
5,1,22,6,7381,90
5,1,22,7,7381,90
5,1,22,8,7381,90
5,1,23,0,7711,94
5,1,22,9,7381,90
5,1,23,1,7711,94
5,1,23,2,7711,94
5,1,23,3,7711,94
5,1,23,4,7711,94
5,1,23,5,7711,94
5,1,23,6,7711,94
5,1,23,7,7711,94
5,1,23,8,7711,94
5,1,23,9,7711,94
5,1,24,0,8041,98
5,1,24,1,8041,98
5,1,24,2,8041,98
5,1,24,3,8041,98
5,1,24,4,8041,98
5,1,24,6,8041,98
5,1,24,5,8041,98
5,1,24,7,8041,98
5,1,24,8,8041,98
5,1,24,9,8041,98
5,2,5,0,1771,22
5,2,5,1,1771,22
5,2,5,2,1771,22
5,2,5,3,1771,22
5,2,5,4,1771,22
5,2,5,5,1771,22
5,2,5,6,1771,22
5,2,5,7,1771,22
5,2,5,8,1771,22
5,2,6,0,2101,26
5,2,5,9,1771,22
5,2,6,1,2101,26
5,2,6,2,2101,26
5,2,6,3,2101,26
5,2,6,4,2101,26
5,2,6,5,2101,26
5,2,6,6,2101,26
5,2,6,8,2101,26
5,2,6,7,2101,26
5,2,6,9,2101,26
5,2,7,0,2431,30
5,2,7,1,2431,30
5,2,7,2,2431,30
5,2,7,3,2431,30
5,2,7,4,2431,30
5,2,7,5,2431,30
5,2,7,6,2431,30
5,2,7,7,2431,30
5,2,7,8,2431,30
5,2,7,9,2431,30
5,2,8,0,2761,34
5,2,8,1,2761,34
5,2,8,2,2761,34
5,2,8,3,2761,34
5,2,8,4,2761,34
5,2,8,5,2761,34
5,2,8,6,2761,34
5,2,8,7,2761,34
5,2,8,8,2761,34
5,2,8,9,2761,34
5,2,9,0,3091,38
5,2,9,1,3091,38
5,2,9,2,3091,38
5,2,9,3,3091,38
5,2,9,4,3091,38
5,2,9,5,3091,38
5,2,9,6,3091,38
5,2,9,7,3091,38
5,2,9,8,3091,38
5,2,9,9,3091,38
5,2,10,0,3421,42
5,2,10,1,3421,42
5,2,10,2,3421,42
5,2,10,3,3421,42
5,2,10,4,3421,42
5,2,10,5,3421,42
5,2,10,6,3421,42
5,2,10,7,3421,42
5,2,10,8,3421,42
5,2,10,9,3421,42
5,2,11,0,3751,46
5,2,11,1,3751,46
5,2,11,2,3751,46
5,2,11,3,3751,46
5,2,11,4,3751,46
5,2,11,5,3751,46
5,2,11,6,3751,46
5,2,11,7,3751,46
5,2,11,8,3751,46
5,2,11,9,3751,46
5,2,12,0,4081,50
5,2,12,1,4081,50
5,2,12,2,4081,50
5,2,12,3,4081,50
5,2,12,4,4081,50
5,2,12,5,4081,50
5,2,12,6,4081,50
5,2,12,7,4081,50
5,2,12,8,4081,50
5,2,12,9,4081,50
5,2,13,0,4411,54
5,2,13,1,4411,54
5,2,13,2,4411,54
5,2,13,3,4411,54
5,2,13,4,4411,54
5,2,13,5,4411,54
5,2,13,6,4411,54
5,2,13,7,4411,54
5,2,13,8,4411,54
5,2,13,9,4411,54
5,2,14,0,4741,58
5,2,14,1,4741,58
5,2,14,2,4741,58
5,2,14,3,4741,58
5,2,14,4,4741,58
5,2,14,5,4741,58
5,2,14,6,4741,58
5,2,14,8,4741,58
5,2,14,7,4741,58
5,2,14,9,4741,58
5,2,15,0,5071,62
5,2,15,1,5071,62
5,2,15,2,5071,62
5,2,15,3,5071,62
5,2,15,4,5071,62
5,2,15,5,5071,62
5,2,15,6,5071,62
5,2,15,7,5071,62
5,2,15,8,5071,62
5,2,15,9,5071,62
5,2,16,0,5401,66
5,2,16,1,5401,66
5,2,16,2,5401,66
5,2,16,4,5401,66
5,2,16,3,5401,66
5,2,16,5,5401,66
5,2,16,6,5401,66
5,2,16,7,5401,66
5,2,16,8,5401,66
5,2,16,9,5401,66
5,2,17,0,5731,70
5,2,17,1,5731,70
5,2,17,2,5731,70
5,2,17,3,5731,70
5,2,17,4,5731,70
5,2,17,5,5731,70
5,2,17,6,5731,70
5,2,17,7,5731,70
5,2,17,8,5731,70
5,2,17,9,5731,70
5,2,18,1,6061,74
5,2,18,0,6061,74
5,2,18,2,6061,74
5,2,18,3,6061,74
5,2,18,4,6061,74
5,2,18,5,6061,74
5,2,18,6,6061,74
5,2,18,8,6061,74
5,2,18,7,6061,74
5,2,18,9,6061,74
5,2,19,0,6391,78
5,2,19,1,6391,78
5,2,19,2,6391,78
5,2,19,3,6391,78
5,2,19,4,6391,78
5,2,19,5,6391,78
5,2,19,6,6391,78
5,2,19,7,6391,78
5,2,19,8,6391,78
5,2,19,9,6391,78
5,2,20,0,6721,82
5,2,20,1,6721,82
5,2,20,2,6721,82
5,2,20,4,6721,82
5,2,20,3,6721,82
5,2,20,5,6721,82
5,2,20,6,6721,82
5,2,20,7,6721,82
5,2,20,8,6721,82
5,2,20,9,6721,82
5,2,21,0,7051,86
5,2,21,1,7051,86
5,2,21,2,7051,86
5,2,21,3,7051,86
5,2,21,5,7051,86
5,2,21,4,7051,86
5,2,21,6,7051,86
5,2,21,7,7051,86
5,2,21,8,7051,86
5,2,22,0,7381,90
5,2,21,9,7051,86
5,2,22,2,7381,90
5,2,22,3,7381,90
5,2,22,1,7381,90
5,2,22,4,7381,90
5,2,22,5,7381,90
5,2,22,6,7381,90
5,2,22,7,7381,90
5,2,22,8,7381,90
5,2,22,9,7381,90
5,2,23,1,7711,94
5,2,23,0,7711,94
5,2,23,2,7711,94
5,2,23,3,7711,94
5,2,23,4,7711,94
5,2,23,6,7711,94
5,2,23,5,7711,94
5,2,23,8,7711,94
5,2,23,9,7711,94
5,2,23,7,7711,94
5,2,24,0,8041,98
5,2,24,1,8041,98
5,2,24,3,8041,98
5,2,24,2,8041,98
5,2,24,4,8041,98
5,2,24,5,8041,98
5,2,24,7,8041,98
5,2,24,6,8041,98
5,2,24,8,8041,98
5,2,24,9,8041,98
5,3,5,0,1771,22
5,3,5,1,1771,22
5,3,5,2,1771,22
5,3,5,3,1771,22
5,3,5,4,1771,22
5,3,5,5,1771,22
5,3,5,6,1771,22
5,3,5,7,1771,22
5,3,5,9,1771,22
5,3,5,8,1771,22
5,3,6,0,2101,26
5,3,6,1,2101,26
5,3,6,2,2101,26
5,3,6,3,2101,26
5,3,6,4,2101,26
5,3,6,5,2101,26
5,3,6,6,2101,26
5,3,6,7,2101,26
5,3,6,8,2101,26
5,3,6,9,2101,26
5,3,7,0,2431,30
5,3,7,2,2431,30
5,3,7,1,2431,30
5,3,7,3,2431,30
5,3,7,5,2431,30
5,3,7,6,2431,30
5,3,7,4,2431,30
5,3,7,7,2431,30
5,3,7,8,2431,30
5,3,7,9,2431,30
5,3,8,0,2761,34
5,3,8,1,2761,34
5,3,8,2,2761,34
5,3,8,3,2761,34
5,3,8,4,2761,34
5,3,8,5,2761,34
5,3,8,6,2761,34
5,3,8,7,2761,34
5,3,8,8,2761,34
5,3,8,9,2761,34
5,3,9,0,3091,38
5,3,9,1,3091,38
5,3,9,2,3091,38
5,3,9,3,3091,38
5,3,9,4,3091,38
5,3,9,5,3091,38
5,3,9,6,3091,38
5,3,9,7,3091,38
5,3,9,8,3091,38
5,3,9,9,3091,38
5,3,10,0,3421,42
5,3,10,1,3421,42
5,3,10,2,3421,42
5,3,10,3,3421,42
5,3,10,4,3421,42
5,3,10,5,3421,42
5,3,10,6,3421,42
5,3,10,7,3421,42
5,3,10,8,3421,42
5,3,10,9,3421,42
5,3,11,0,3751,46
5,3,11,1,3751,46
5,3,11,2,3751,46
5,3,11,3,3751,46
5,3,11,4,3751,46
5,3,11,5,3751,46
5,3,11,6,3751,46
5,3,11,7,3751,46
5,3,11,8,3751,46
5,3,11,9,3751,46
5,3,12,0,4081,50
5,3,12,1,4081,50
5,3,12,2,4081,50
5,3,12,3,4081,50
5,3,12,4,4081,50
5,3,12,5,4081,50
5,3,12,6,4081,50
5,3,12,7,4081,50
5,3,12,8,4081,50
5,3,12,9,4081,50
5,3,13,0,4411,54
5,3,13,1,4411,54
5,3,13,2,4411,54
5,3,13,3,4411,54
5,3,13,4,4411,54
5,3,13,5,4411,54
5,3,13,6,4411,54
5,3,13,7,4411,54
5,3,13,8,4411,54
5,3,13,9,4411,54
5,3,14,0,4741,58
5,3,14,1,4741,58
5,3,14,2,4741,58
5,3,14,3,4741,58
5,3,14,4,4741,58
5,3,14,5,4741,58
5,3,14,6,4741,58
5,3,14,7,4741,58
5,3,14,8,4741,58
5,3,14,9,4741,58
5,3,15,0,5071,62
5,3,15,1,5071,62
5,3,15,2,5071,62
5,3,15,3,5071,62
5,3,15,4,5071,62
5,3,15,5,5071,62
5,3,15,6,5071,62
5,3,15,7,5071,62
5,3,15,8,5071,62
5,3,15,9,5071,62
5,3,16,0,5401,66
5,3,16,1,5401,66
5,3,16,3,5401,66
5,3,16,2,5401,66
5,3,16,4,5401,66
5,3,16,5,5401,66
5,3,16,6,5401,66
5,3,16,7,5401,66
5,3,16,8,5401,66
5,3,16,9,5401,66
5,3,17,0,5731,70
5,3,17,1,5731,70
5,3,17,2,5731,70
5,3,17,3,5731,70
5,3,17,4,5731,70
5,3,17,6,5731,70
5,3,17,5,5731,70
5,3,17,8,5731,70
5,3,17,7,5731,70
5,3,17,9,5731,70
5,3,18,0,6061,74
5,3,18,1,6061,74
5,3,18,2,6061,74
5,3,18,3,6061,74
5,3,18,4,6061,74
5,3,18,5,6061,74
5,3,18,6,6061,74
5,3,18,7,6061,74
5,3,18,8,6061,74
5,3,18,9,6061,74
5,3,19,0,6391,78
5,3,19,1,6391,78
5,3,19,2,6391,78
5,3,19,3,6391,78
5,3,19,4,6391,78
5,3,19,5,6391,78
5,3,19,6,6391,78
5,3,19,7,6391,78
5,3,19,8,6391,78
5,3,19,9,6391,78
5,3,20,0,6721,82
5,3,20,1,6721,82
5,3,20,2,6721,82
5,3,20,3,6721,82
5,3,20,4,6721,82
5,3,20,5,6721,82
5,3,20,6,6721,82
5,3,20,7,6721,82
5,3,20,8,6721,82
5,3,20,9,6721,82
5,3,21,0,7051,86
5,3,21,1,7051,86
5,3,21,2,7051,86
5,3,21,3,7051,86
5,3,21,4,7051,86
5,3,21,5,7051,86
5,3,21,6,7051,86
5,3,21,7,7051,86
5,3,21,8,7051,86
5,3,21,9,7051,86
5,3,22,0,7381,90
5,3,22,1,7381,90
5,3,22,2,7381,90
5,3,22,3,7381,90
5,3,22,4,7381,90
5,3,22,5,7381,90
5,3,22,7,7381,90
5,3,22,6,7381,90
5,3,22,8,7381,90
5,3,22,9,7381,90
5,3,23,0,7711,94
5,3,23,1,7711,94
5,3,23,2,7711,94
5,3,23,3,7711,94
5,3,23,5,7711,94
5,3,23,4,7711,94
5,3,23,6,7711,94
5,3,23,7,7711,94
5,3,23,8,7711,94
5,3,23,9,7711,94
5,3,24,0,8041,98
5,3,24,1,8041,98
5,3,24,2,8041,98
5,3,24,4,8041,98
5,3,24,3,8041,98
5,3,24,5,8041,98
5,3,24,6,8041,98
5,3,24,7,8041,98
5,3,24,8,8041,98
5,3,24,9,8041,98
5,4,5,0,1771,22
5,4,5,1,1771,22
5,4,5,2,1771,22
5,4,5,3,1771,22
5,4,5,4,1771,22
5,4,5,5,1771,22
5,4,5,6,1771,22
5,4,5,7,1771,22
5,4,5,8,1771,22
5,4,5,9,1771,22
5,4,6,0,2101,26
5,4,6,1,2101,26
5,4,6,2,2101,26
5,4,6,3,2101,26
5,4,6,4,2101,26
5,4,6,6,2101,26
5,4,6,5,2101,26
5,4,6,7,2101,26
5,4,6,8,2101,26
5,4,6,9,2101,26
5,4,7,0,2431,30
5,4,7,1,2431,30
5,4,7,2,2431,30
5,4,7,5,2431,30
5,4,7,4,2431,30
5,4,7,3,2431,30
5,4,7,6,2431,30
5,4,7,7,2431,30
5,4,7,8,2431,30
5,4,7,9,2431,30
5,4,8,0,2761,34
5,4,8,2,2761,34
5,4,8,1,2761,34
5,4,8,3,2761,34
5,4,8,4,2761,34
5,4,8,5,2761,34
5,4,8,6,2761,34
5,4,8,7,2761,34
5,4,8,8,2761,34
5,4,8,9,2761,34
5,4,9,0,3091,38
5,4,9,1,3091,38
5,4,9,2,3091,38
5,4,9,3,3091,38
5,4,9,4,3091,38
5,4,9,6,3091,38
5,4,9,5,3091,38
5,4,9,7,3091,38
5,4,9,8,3091,38
5,4,9,9,3091,38
5,4,10,0,3421,42
5,4,10,1,3421,42
5,4,10,2,3421,42
5,4,10,4,3421,42
5,4,10,3,3421,42
5,4,10,5,3421,42
5,4,10,6,3421,42
5,4,10,7,3421,42
5,4,10,8,3421,42
5,4,10,9,3421,42
5,4,11,0,3751,46
5,4,11,1,3751,46
5,4,11,2,3751,46
5,4,11,3,3751,46
5,4,11,4,3751,46
5,4,11,5,3751,46
5,4,11,6,3751,46
5,4,11,7,3751,46
5,4,11,8,3751,46
5,4,11,9,3751,46
5,4,12,0,4081,50
5,4,12,1,4081,50
5,4,12,2,4081,50
5,4,12,3,4081,50
5,4,12,4,4081,50
5,4,12,5,4081,50
5,4,12,6,4081,50
5,4,12,7,4081,50
5,4,12,8,4081,50
5,4,12,9,4081,50
5,4,13,0,4411,54
5,4,13,1,4411,54
5,4,13,2,4411,54
5,4,13,3,4411,54
5,4,13,4,4411,54
5,4,13,5,4411,54
5,4,13,6,4411,54
5,4,13,7,4411,54
5,4,13,8,4411,54
5,4,14,0,4741,58
5,4,13,9,4411,54
5,4,14,1,4741,58
5,4,14,2,4741,58
5,4,14,3,4741,58
5,4,14,4,4741,58
5,4,14,5,4741,58
5,4,14,6,4741,58
5,4,14,8,4741,58
5,4,14,7,4741,58
5,4,14,9,4741,58
5,4,15,0,5071,62
5,4,15,1,5071,62
5,4,15,2,5071,62
5,4,15,3,5071,62
5,4,15,4,5071,62
5,4,15,6,5071,62
5,4,15,5,5071,62
5,4,15,7,5071,62
5,4,15,8,5071,62
5,4,15,9,5071,62
5,4,16,0,5401,66
5,4,16,1,5401,66
5,4,16,2,5401,66
5,4,16,3,5401,66
5,4,16,4,5401,66
5,4,16,5,5401,66
5,4,16,6,5401,66
5,4,16,7,5401,66
5,4,16,8,5401,66
5,4,16,9,5401,66
5,4,17,0,5731,70
5,4,17,1,5731,70
5,4,17,2,5731,70
5,4,17,3,5731,70
5,4,17,4,5731,70
5,4,17,5,5731,70
5,4,17,6,5731,70
5,4,17,7,5731,70
5,4,17,8,5731,70
5,4,17,9,5731,70
5,4,18,0,6061,74
5,4,18,1,6061,74
5,4,18,2,6061,74
5,4,18,3,6061,74
5,4,18,4,6061,74
5,4,18,5,6061,74
5,4,18,7,6061,74
5,4,18,6,6061,74
5,4,18,8,6061,74
5,4,18,9,6061,74
5,4,19,0,6391,78
5,4,19,1,6391,78
5,4,19,2,6391,78
5,4,19,3,6391,78
5,4,19,5,6391,78
5,4,19,4,6391,78
5,4,19,6,6391,78
5,4,19,7,6391,78
5,4,19,8,6391,78
5,4,19,9,6391,78
5,4,20,0,6721,82
5,4,20,1,6721,82
5,4,20,2,6721,82
5,4,20,3,6721,82
5,4,20,4,6721,82
5,4,20,5,6721,82
5,4,20,6,6721,82
5,4,20,7,6721,82
5,4,20,8,6721,82
5,4,20,9,6721,82
5,4,21,1,7051,86
5,4,21,0,7051,86
5,4,21,2,7051,86
5,4,21,3,7051,86
5,4,21,4,7051,86
5,4,21,5,7051,86
5,4,21,6,7051,86
5,4,21,7,7051,86
5,4,21,9,7051,86
5,4,21,8,7051,86
5,4,22,0,7381,90
5,4,22,1,7381,90
5,4,22,2,7381,90
5,4,22,3,7381,90
5,4,22,4,7381,90
5,4,22,5,7381,90
5,4,22,7,7381,90
5,4,22,6,7381,90
5,4,22,8,7381,90
5,4,22,9,7381,90
5,4,23,0,7711,94
5,4,23,1,7711,94
5,4,23,3,7711,94
5,4,23,2,7711,94
5,4,23,5,7711,94
5,4,23,4,7711,94
5,4,23,6,7711,94
5,4,23,7,7711,94
5,4,23,8,7711,94
5,4,23,9,7711,94
5,4,24,0,8041,98
5,4,24,1,8041,98
5,4,24,2,8041,98
5,4,24,3,8041,98
5,4,24,4,8041,98
5,4,24,5,8041,98
5,4,24,6,8041,98
5,4,24,7,8041,98
5,4,24,9,8041,98
5,4,24,8,8041,98
6,1,5,0,3643,24
6,1,5,1,3643,24
6,1,5,2,3643,24
6,1,5,3,3643,24
6,1,5,4,3643,24
6,1,5,5,3643,24
6,1,5,6,3643,24
6,1,5,7,3643,24
6,1,5,8,3643,24
6,1,5,9,3643,24
6,1,6,0,4321,28
6,1,6,1,4321,28
6,1,6,2,4321,28
6,1,6,3,4321,28
6,1,6,4,4321,28
6,1,6,5,4321,28
6,1,6,6,4321,28
6,1,6,7,4321,28
6,1,6,8,4321,28
6,1,6,9,4321,28
6,1,7,0,4999,32
6,1,7,1,4999,32
6,1,7,2,4999,32
6,1,7,3,4999,32
6,1,7,4,4999,32
6,1,7,5,4999,32
6,1,7,6,4999,32
6,1,7,7,4999,32
6,1,7,8,4999,32
6,1,7,9,4999,32
6,1,8,0,5677,36
6,1,8,1,5677,36
6,1,8,2,5677,36
6,1,8,3,5677,36
6,1,8,4,5677,36
6,1,8,5,5677,36
6,1,8,6,5677,36
6,1,8,8,5677,36
6,1,8,7,5677,36
6,1,8,9,5677,36
6,1,9,0,6355,40
6,1,9,1,6355,40
6,1,9,2,6355,40
6,1,9,3,6355,40
6,1,9,4,6355,40
6,1,9,6,6355,40
6,1,9,5,6355,40
6,1,9,7,6355,40
6,1,9,8,6355,40
6,1,9,9,6355,40
6,1,10,0,7033,44
6,1,10,1,7033,44
6,1,10,2,7033,44
6,1,10,3,7033,44
6,1,10,5,7033,44
6,1,10,4,7033,44
6,1,10,6,7033,44
6,1,10,7,7033,44
6,1,10,8,7033,44
6,1,10,9,7033,44
6,1,11,0,7711,48
6,1,11,1,7711,48
6,1,11,2,7711,48
6,1,11,3,7711,48
6,1,11,4,7711,48
6,1,11,5,7711,48
6,1,11,6,7711,48
6,1,11,7,7711,48
6,1,11,8,7711,48
6,1,11,9,7711,48
6,1,12,0,8389,52
6,1,12,1,8389,52
6,1,12,2,8389,52
6,1,12,3,8389,52
6,1,12,4,8389,52
6,1,12,5,8389,52
6,1,12,6,8389,52
6,1,12,7,8389,52
6,1,12,8,8389,52
6,1,12,9,8389,52
6,1,13,0,9067,56
6,1,13,1,9067,56
6,1,13,2,9067,56
6,1,13,3,9067,56
6,1,13,4,9067,56
6,1,13,5,9067,56
6,1,13,6,9067,56
6,1,13,7,9067,56
6,1,13,8,9067,56
6,1,13,9,9067,56
6,1,14,0,9745,60
6,1,14,1,9745,60
6,1,14,2,9745,60
6,1,14,4,9745,60
6,1,14,3,9745,60
6,1,14,5,9745,60
6,1,14,6,9745,60
6,1,14,7,9745,60
6,1,14,8,9745,60
6,1,14,9,9745,60
6,1,15,0,10423,64
6,1,15,1,10423,64
6,1,15,2,10423,64
6,1,15,3,10423,64
6,1,15,4,10423,64
6,1,15,5,10423,64
6,1,15,6,10423,64
6,1,15,7,10423,64
6,1,15,8,10423,64
6,1,15,9,10423,64
6,1,16,0,11101,68
6,1,16,1,11101,68
6,1,16,2,11101,68
6,1,16,3,11101,68
6,1,16,4,11101,68
6,1,16,5,11101,68
6,1,16,6,11101,68
6,1,16,7,11101,68
6,1,16,8,11101,68
6,1,16,9,11101,68
6,1,17,0,11779,72
6,1,17,1,11779,72
6,1,17,2,11779,72
6,1,17,3,11779,72
6,1,17,4,11779,72
6,1,17,5,11779,72
6,1,17,6,11779,72
6,1,17,7,11779,72
6,1,17,8,11779,72
6,1,17,9,11779,72
6,1,18,0,12457,76
6,1,18,1,12457,76
6,1,18,2,12457,76
6,1,18,3,12457,76
6,1,18,4,12457,76
6,1,18,5,12457,76
6,1,18,6,12457,76
6,1,18,7,12457,76
6,1,18,8,12457,76
6,1,18,9,12457,76
6,1,19,0,13135,80
6,1,19,2,13135,80
6,1,19,1,13135,80
6,1,19,3,13135,80
6,1,19,4,13135,80
6,1,19,5,13135,80
6,1,19,6,13135,80
6,1,19,7,13135,80
6,1,19,8,13135,80
6,1,19,9,13135,80
6,1,20,0,13813,84
6,1,20,1,13813,84
6,1,20,2,13813,84
6,1,20,3,13813,84
6,1,20,4,13813,84
6,1,20,5,13813,84
6,1,20,6,13813,84
6,1,20,8,13813,84
6,1,20,7,13813,84
6,1,20,9,13813,84
6,1,21,0,14491,88
6,1,21,1,14491,88
6,1,21,3,14491,88
6,1,21,2,14491,88
6,1,21,4,14491,88
6,1,21,5,14491,88
6,1,21,6,14491,88
6,1,21,7,14491,88
6,1,21,8,14491,88
6,1,21,9,14491,88
6,1,22,0,15169,92
6,1,22,1,15169,92
6,1,22,2,15169,92
6,1,22,4,15169,92
6,1,22,3,15169,92
6,1,22,5,15169,92
6,1,22,6,15169,92
6,1,22,7,15169,92
6,1,22,8,15169,92
6,1,22,9,15169,92
6,1,23,0,15847,96
6,1,23,1,15847,96
6,1,23,2,15847,96
6,1,23,3,15847,96
6,1,23,4,15847,96
6,1,23,5,15847,96
6,1,23,6,15847,96
6,1,23,7,15847,96
6,1,23,8,15847,96
6,1,23,9,15847,96
6,1,24,0,16525,100
6,1,24,1,16525,100
6,1,24,2,16525,100
6,1,24,3,16525,100
6,1,24,4,16525,100
6,1,24,5,16525,100
6,1,24,6,16525,100
6,1,24,7,16525,100
6,1,24,8,16525,100
6,1,24,9,16525,100
6,2,5,0,3643,24
6,2,5,1,3643,24
6,2,5,2,3643,24
6,2,5,3,3643,24
6,2,5,4,3643,24
6,2,5,5,3643,24
6,2,5,7,3643,24
6,2,5,6,3643,24
6,2,5,8,3643,24
6,2,5,9,3643,24
6,2,6,0,4321,28
6,2,6,1,4321,28
6,2,6,2,4321,28
6,2,6,3,4321,28
6,2,6,4,4321,28
6,2,6,5,4321,28
6,2,6,6,4321,28
6,2,6,7,4321,28
6,2,6,8,4321,28
6,2,6,9,4321,28
6,2,7,0,4999,32
6,2,7,1,4999,32
6,2,7,2,4999,32
6,2,7,3,4999,32
6,2,7,4,4999,32
6,2,7,5,4999,32
6,2,7,6,4999,32
6,2,7,7,4999,32
6,2,7,9,4999,32
6,2,7,8,4999,32
6,2,8,0,5677,36
6,2,8,1,5677,36
6,2,8,2,5677,36
6,2,8,3,5677,36
6,2,8,4,5677,36
6,2,8,5,5677,36
6,2,8,7,5677,36
6,2,8,6,5677,36
6,2,8,8,5677,36
6,2,8,9,5677,36
6,2,9,0,6355,40
6,2,9,1,6355,40
6,2,9,2,6355,40
6,2,9,3,6355,40
6,2,9,5,6355,40
6,2,9,4,6355,40
6,2,9,6,6355,40
6,2,9,7,6355,40
6,2,9,8,6355,40
6,2,9,9,6355,40
6,2,10,0,7033,44
6,2,10,1,7033,44
6,2,10,2,7033,44
6,2,10,3,7033,44
6,2,10,4,7033,44
6,2,10,5,7033,44
6,2,10,6,7033,44
6,2,10,7,7033,44
6,2,10,8,7033,44
6,2,10,9,7033,44
6,2,11,0,7711,48
6,2,11,1,7711,48
6,2,11,2,7711,48
6,2,11,3,7711,48
6,2,11,4,7711,48
6,2,11,5,7711,48
6,2,11,6,7711,48
6,2,11,7,7711,48
6,2,11,8,7711,48
6,2,12,0,8389,52
6,2,11,9,7711,48
6,2,12,1,8389,52
6,2,12,2,8389,52
6,2,12,3,8389,52
6,2,12,4,8389,52
6,2,12,5,8389,52
6,2,12,6,8389,52
6,2,12,7,8389,52
6,2,12,8,8389,52
6,2,12,9,8389,52
6,2,13,0,9067,56
6,2,13,1,9067,56
6,2,13,2,9067,56
6,2,13,3,9067,56
6,2,13,4,9067,56
6,2,13,5,9067,56
6,2,13,6,9067,56
6,2,13,7,9067,56
6,2,13,8,9067,56
6,2,13,9,9067,56
6,2,14,0,9745,60
6,2,14,1,9745,60
6,2,14,2,9745,60
6,2,14,3,9745,60
6,2,14,4,9745,60
6,2,14,5,9745,60
6,2,14,6,9745,60
6,2,14,7,9745,60
6,2,14,8,9745,60
6,2,14,9,9745,60
6,2,15,0,10423,64
6,2,15,1,10423,64
6,2,15,2,10423,64
6,2,15,3,10423,64
6,2,15,4,10423,64
6,2,15,5,10423,64
6,2,15,6,10423,64
6,2,15,7,10423,64
6,2,15,9,10423,64
6,2,15,8,10423,64
6,2,16,0,11101,68
6,2,16,1,11101,68
6,2,16,2,11101,68
6,2,16,3,11101,68
6,2,16,4,11101,68
6,2,16,5,11101,68
6,2,16,6,11101,68
6,2,16,7,11101,68
6,2,16,8,11101,68
6,2,16,9,11101,68
6,2,17,0,11779,72
6,2,17,1,11779,72
6,2,17,2,11779,72
6,2,17,3,11779,72
6,2,17,5,11779,72
6,2,17,6,11779,72
6,2,17,4,11779,72
6,2,17,7,11779,72
6,2,17,8,11779,72
6,2,17,9,11779,72
6,2,18,0,12457,76
6,2,18,1,12457,76
6,2,18,3,12457,76
6,2,18,4,12457,76
6,2,18,2,12457,76
6,2,18,5,12457,76
6,2,18,6,12457,76
6,2,18,7,12457,76
6,2,18,9,12457,76
6,2,19,0,13135,80
6,2,19,1,13135,80
6,2,19,2,13135,80
6,2,18,8,12457,76
6,2,19,3,13135,80
6,2,19,4,13135,80
6,2,19,5,13135,80
6,2,19,9,13135,80
6,2,19,8,13135,80
6,2,19,7,13135,80
6,2,20,0,13813,84
6,2,19,6,13135,80
6,2,20,1,13813,84
6,2,20,2,13813,84
6,2,20,3,13813,84
6,2,20,4,13813,84
6,2,20,5,13813,84
6,2,20,7,13813,84
6,2,20,9,13813,84
6,2,20,8,13813,84
6,2,20,6,13813,84
6,2,21,0,14491,88
6,2,21,1,14491,88
6,2,21,3,14491,88
6,2,21,2,14491,88
6,2,21,4,14491,88
6,2,21,5,14491,88
6,2,21,6,14491,88
6,2,21,7,14491,88
6,2,21,8,14491,88
6,2,21,9,14491,88
6,2,22,1,15169,92
6,2,22,2,15169,92
6,2,22,3,15169,92
6,2,22,0,15169,92
6,2,22,4,15169,92
6,2,22,5,15169,92
6,2,22,6,15169,92
6,2,22,7,15169,92
6,2,22,8,15169,92
6,2,22,9,15169,92
6,2,23,1,15847,96
6,2,23,2,15847,96
6,2,23,0,15847,96
6,2,23,3,15847,96
6,2,23,4,15847,96
6,2,23,5,15847,96
6,2,23,6,15847,96
6,2,23,8,15847,96
6,2,23,7,15847,96
6,2,23,9,15847,96
6,2,24,0,16525,100
6,2,24,1,16525,100
6,2,24,2,16525,100
6,2,24,3,16525,100
6,2,24,4,16525,100
6,2,24,7,16525,100
6,2,24,6,16525,100
6,2,24,5,16525,100
6,2,24,8,16525,100
6,2,24,9,16525,100
6,3,5,0,3643,24
6,3,5,1,3643,24
6,3,5,2,3643,24
6,3,5,4,3643,24
6,3,5,5,3643,24
6,3,5,3,3643,24
6,3,5,6,3643,24
6,3,5,7,3643,24
6,3,5,8,3643,24
6,3,5,9,3643,24
6,3,6,0,4321,28
6,3,6,1,4321,28
6,3,6,2,4321,28
6,3,6,3,4321,28
6,3,6,4,4321,28
6,3,6,5,4321,28
6,3,6,6,4321,28
6,3,6,7,4321,28
6,3,6,8,4321,28
6,3,6,9,4321,28
6,3,7,0,4999,32
6,3,7,1,4999,32
6,3,7,2,4999,32
6,3,7,3,4999,32
6,3,7,4,4999,32
6,3,7,5,4999,32
6,3,7,6,4999,32
6,3,7,7,4999,32
6,3,7,8,4999,32
6,3,7,9,4999,32
6,3,8,0,5677,36
6,3,8,1,5677,36
6,3,8,2,5677,36
6,3,8,3,5677,36
6,3,8,4,5677,36
6,3,8,5,5677,36
6,3,8,6,5677,36
6,3,8,7,5677,36
6,3,8,8,5677,36
6,3,8,9,5677,36
6,3,9,0,6355,40
6,3,9,1,6355,40
6,3,9,2,6355,40
6,3,9,3,6355,40
6,3,9,4,6355,40
6,3,9,5,6355,40
6,3,9,6,6355,40
6,3,9,7,6355,40
6,3,9,8,6355,40
6,3,9,9,6355,40
6,3,10,0,7033,44
6,3,10,2,7033,44
6,3,10,1,7033,44
6,3,10,3,7033,44
6,3,10,4,7033,44
6,3,10,5,7033,44
6,3,10,6,7033,44
6,3,10,7,7033,44
6,3,10,8,7033,44
6,3,11,0,7711,48
6,3,10,9,7033,44
6,3,11,1,7711,48
6,3,11,2,7711,48
6,3,11,3,7711,48
6,3,11,4,7711,48
6,3,11,5,7711,48
6,3,11,6,7711,48
6,3,11,8,7711,48
6,3,11,7,7711,48
6,3,11,9,7711,48
6,3,12,0,8389,52
6,3,12,1,8389,52
6,3,12,2,8389,52
6,3,12,3,8389,52
6,3,12,4,8389,52
6,3,12,5,8389,52
6,3,12,6,8389,52
6,3,12,7,8389,52
6,3,12,8,8389,52
6,3,12,9,8389,52
6,3,13,0,9067,56
6,3,13,1,9067,56
6,3,13,2,9067,56
6,3,13,3,9067,56
6,3,13,4,9067,56
6,3,13,5,9067,56
6,3,13,6,9067,56
6,3,13,7,9067,56
6,3,13,8,9067,56
6,3,13,9,9067,56
6,3,14,0,9745,60
6,3,14,1,9745,60
6,3,14,2,9745,60
6,3,14,3,9745,60
6,3,14,4,9745,60
6,3,14,5,9745,60
6,3,14,6,9745,60
6,3,14,7,9745,60
6,3,14,8,9745,60
6,3,14,9,9745,60
6,3,15,0,10423,64
6,3,15,1,10423,64
6,3,15,2,10423,64
6,3,15,3,10423,64
6,3,15,4,10423,64
6,3,15,5,10423,64
6,3,15,6,10423,64
6,3,15,7,10423,64
6,3,15,8,10423,64
6,3,15,9,10423,64
6,3,16,0,11101,68
6,3,16,1,11101,68
6,3,16,2,11101,68
6,3,16,3,11101,68
6,3,16,4,11101,68
6,3,16,5,11101,68
6,3,16,6,11101,68
6,3,16,7,11101,68
6,3,16,8,11101,68
6,3,16,9,11101,68
6,3,17,0,11779,72
6,3,17,1,11779,72
6,3,17,2,11779,72
6,3,17,3,11779,72
6,3,17,4,11779,72
6,3,17,5,11779,72
6,3,17,6,11779,72
6,3,17,7,11779,72
6,3,17,8,11779,72
6,3,17,9,11779,72
6,3,18,0,12457,76
6,3,18,2,12457,76
6,3,18,1,12457,76
6,3,18,3,12457,76
6,3,18,4,12457,76
6,3,18,5,12457,76
6,3,18,6,12457,76
6,3,18,7,12457,76
6,3,18,8,12457,76
6,3,18,9,12457,76
6,3,19,0,13135,80
6,3,19,1,13135,80
6,3,19,2,13135,80
6,3,19,3,13135,80
6,3,19,4,13135,80
6,3,19,5,13135,80
6,3,19,6,13135,80
6,3,19,7,13135,80
6,3,19,8,13135,80
6,3,19,9,13135,80
6,3,20,0,13813,84
6,3,20,1,13813,84
6,3,20,2,13813,84
6,3,20,3,13813,84
6,3,20,4,13813,84
6,3,20,5,13813,84
6,3,20,6,13813,84
6,3,20,7,13813,84
6,3,20,8,13813,84
6,3,20,9,13813,84
6,3,21,0,14491,88
6,3,21,1,14491,88
6,3,21,2,14491,88
6,3,21,3,14491,88
6,3,21,4,14491,88
6,3,21,5,14491,88
6,3,21,6,14491,88
6,3,21,7,14491,88
6,3,21,8,14491,88
6,3,21,9,14491,88
6,3,22,0,15169,92
6,3,22,2,15169,92
6,3,22,1,15169,92
6,3,22,3,15169,92
6,3,22,4,15169,92
6,3,22,5,15169,92
6,3,22,6,15169,92
6,3,22,7,15169,92
6,3,22,8,15169,92
6,3,22,9,15169,92
6,3,23,0,15847,96
6,3,23,1,15847,96
6,3,23,2,15847,96
6,3,23,3,15847,96
6,3,23,4,15847,96
6,3,23,5,15847,96
6,3,23,6,15847,96
6,3,23,7,15847,96
6,3,23,8,15847,96
6,3,23,9,15847,96
6,3,24,0,16525,100
6,3,24,1,16525,100
6,3,24,2,16525,100
6,3,24,3,16525,100
6,3,24,4,16525,100
6,3,24,5,16525,100
6,3,24,6,16525,100
6,3,24,7,16525,100
6,3,24,8,16525,100
6,3,24,9,16525,100
6,4,5,0,3643,24
6,4,5,1,3643,24
6,4,5,2,3643,24
6,4,5,3,3643,24
6,4,5,4,3643,24
6,4,5,5,3643,24
6,4,5,6,3643,24
6,4,5,7,3643,24
6,4,5,8,3643,24
6,4,5,9,3643,24
6,4,6,0,4321,28
6,4,6,1,4321,28
6,4,6,2,4321,28
6,4,6,3,4321,28
6,4,6,4,4321,28
6,4,6,5,4321,28
6,4,6,6,4321,28
6,4,6,7,4321,28
6,4,6,8,4321,28
6,4,7,0,4999,32
6,4,6,9,4321,28
6,4,7,1,4999,32
6,4,7,2,4999,32
6,4,7,3,4999,32
6,4,7,4,4999,32
6,4,7,5,4999,32
6,4,7,6,4999,32
6,4,7,8,4999,32
6,4,7,7,4999,32
6,4,7,9,4999,32
6,4,8,0,5677,36
6,4,8,1,5677,36
6,4,8,2,5677,36
6,4,8,3,5677,36
6,4,8,4,5677,36
6,4,8,5,5677,36
6,4,8,6,5677,36
6,4,8,7,5677,36
6,4,8,8,5677,36
6,4,8,9,5677,36
6,4,9,0,6355,40
6,4,9,1,6355,40
6,4,9,2,6355,40
6,4,9,3,6355,40
6,4,9,4,6355,40
6,4,9,5,6355,40
6,4,9,6,6355,40
6,4,9,7,6355,40
6,4,9,8,6355,40
6,4,9,9,6355,40
6,4,10,0,7033,44
6,4,10,1,7033,44
6,4,10,2,7033,44
6,4,10,3,7033,44
6,4,10,4,7033,44
6,4,10,5,7033,44
6,4,10,6,7033,44
6,4,10,7,7033,44
6,4,10,8,7033,44
6,4,10,9,7033,44
6,4,11,0,7711,48
6,4,11,1,7711,48
6,4,11,2,7711,48
6,4,11,3,7711,48
6,4,11,4,7711,48
6,4,11,5,7711,48
6,4,11,6,7711,48
6,4,11,7,7711,48
6,4,11,8,7711,48
6,4,11,9,7711,48
6,4,12,0,8389,52
6,4,12,1,8389,52
6,4,12,2,8389,52
6,4,12,3,8389,52
6,4,12,4,8389,52
6,4,12,5,8389,52
6,4,12,6,8389,52
6,4,12,7,8389,52
6,4,12,8,8389,52
6,4,12,9,8389,52
6,4,13,0,9067,56
6,4,13,1,9067,56
6,4,13,2,9067,56
6,4,13,3,9067,56
6,4,13,4,9067,56
6,4,13,5,9067,56
6,4,13,6,9067,56
6,4,13,7,9067,56
6,4,13,8,9067,56
6,4,13,9,9067,56
6,4,14,0,9745,60
6,4,14,1,9745,60
6,4,14,2,9745,60
6,4,14,3,9745,60
6,4,14,4,9745,60
6,4,14,5,9745,60
6,4,14,6,9745,60
6,4,14,7,9745,60
6,4,14,8,9745,60
6,4,14,9,9745,60
6,4,15,0,10423,64
6,4,15,1,10423,64
6,4,15,2,10423,64
6,4,15,3,10423,64
6,4,15,4,10423,64
6,4,15,5,10423,64
6,4,15,6,10423,64
6,4,15,7,10423,64
6,4,15,8,10423,64
6,4,15,9,10423,64
6,4,16,0,11101,68
6,4,16,1,11101,68
6,4,16,2,11101,68
6,4,16,3,11101,68
6,4,16,4,11101,68
6,4,16,5,11101,68
6,4,16,6,11101,68
6,4,16,8,11101,68
6,4,16,7,11101,68
6,4,16,9,11101,68
6,4,17,0,11779,72
6,4,17,1,11779,72
6,4,17,2,11779,72
6,4,17,3,11779,72
6,4,17,4,11779,72
6,4,17,6,11779,72
6,4,17,5,11779,72
6,4,17,7,11779,72
6,4,17,8,11779,72
6,4,17,9,11779,72
6,4,18,0,12457,76
6,4,18,1,12457,76
6,4,18,2,12457,76
6,4,18,4,12457,76
6,4,18,3,12457,76
6,4,18,5,12457,76
6,4,18,6,12457,76
6,4,18,7,12457,76
6,4,18,8,12457,76
6,4,18,9,12457,76
6,4,19,0,13135,80
6,4,19,1,13135,80
6,4,19,2,13135,80
6,4,19,3,13135,80
6,4,19,4,13135,80
6,4,19,5,13135,80
6,4,19,6,13135,80
6,4,19,7,13135,80
6,4,19,8,13135,80
6,4,19,9,13135,80
6,4,20,0,13813,84
6,4,20,1,13813,84
6,4,20,2,13813,84
6,4,20,3,13813,84
6,4,20,4,13813,84
6,4,20,5,13813,84
6,4,20,6,13813,84
6,4,20,7,13813,84
6,4,20,8,13813,84
6,4,20,9,13813,84
6,4,21,0,14491,88
6,4,21,1,14491,88
6,4,21,2,14491,88
6,4,21,3,14491,88
6,4,21,4,14491,88
6,4,21,5,14491,88
6,4,21,6,14491,88
6,4,21,7,14491,88
6,4,21,8,14491,88
6,4,21,9,14491,88
6,4,22,0,15169,92
6,4,22,1,15169,92
6,4,22,2,15169,92
6,4,22,3,15169,92
6,4,22,4,15169,92
6,4,22,5,15169,92
6,4,22,6,15169,92
6,4,22,7,15169,92
6,4,22,8,15169,92
6,4,22,9,15169,92
6,4,23,0,15847,96
6,4,23,1,15847,96
6,4,23,2,15847,96
6,4,23,3,15847,96
6,4,23,4,15847,96
6,4,23,5,15847,96
6,4,23,6,15847,96
6,4,23,7,15847,96
6,4,23,8,15847,96
6,4,23,9,15847,96
6,4,24,0,16525,100
6,4,24,1,16525,100
6,4,24,2,16525,100
6,4,24,3,16525,100
6,4,24,4,16525,100
6,4,24,5,16525,100
6,4,24,6,16525,100
6,4,24,7,16525,100
6,4,24,8,16525,100
6,4,24,9,16525,100
6,5,5,0,3643,24
6,5,5,1,3643,24
6,5,5,2,3643,24
6,5,5,3,3643,24
6,5,5,4,3643,24
6,5,5,5,3643,24
6,5,5,6,3643,24
6,5,5,7,3643,24
6,5,5,8,3643,24
6,5,5,9,3643,24
6,5,6,0,4321,28
6,5,6,1,4321,28
6,5,6,2,4321,28
6,5,6,3,4321,28
6,5,6,4,4321,28
6,5,6,5,4321,28
6,5,6,6,4321,28
6,5,6,7,4321,28
6,5,6,8,4321,28
6,5,6,9,4321,28
6,5,7,0,4999,32
6,5,7,1,4999,32
6,5,7,2,4999,32
6,5,7,3,4999,32
6,5,7,4,4999,32
6,5,7,5,4999,32
6,5,7,6,4999,32
6,5,7,7,4999,32
6,5,7,8,4999,32
6,5,7,9,4999,32
6,5,8,0,5677,36
6,5,8,1,5677,36
6,5,8,2,5677,36
6,5,8,3,5677,36
6,5,8,4,5677,36
6,5,8,5,5677,36
6,5,8,6,5677,36
6,5,8,7,5677,36
6,5,8,8,5677,36
6,5,8,9,5677,36
6,5,9,0,6355,40
6,5,9,1,6355,40
6,5,9,2,6355,40
6,5,9,3,6355,40
6,5,9,4,6355,40
6,5,9,5,6355,40
6,5,9,6,6355,40
6,5,9,7,6355,40
6,5,9,8,6355,40
6,5,9,9,6355,40
6,5,10,0,7033,44
6,5,10,1,7033,44
6,5,10,2,7033,44
6,5,10,3,7033,44
6,5,10,4,7033,44
6,5,10,5,7033,44
6,5,10,6,7033,44
6,5,10,7,7033,44
6,5,10,8,7033,44
6,5,10,9,7033,44
6,5,11,0,7711,48
6,5,11,1,7711,48
6,5,11,2,7711,48
6,5,11,3,7711,48
6,5,11,4,7711,48
6,5,11,5,7711,48
6,5,11,6,7711,48
6,5,11,7,7711,48
6,5,11,8,7711,48
6,5,11,9,7711,48
6,5,12,0,8389,52
6,5,12,1,8389,52
6,5,12,2,8389,52
6,5,12,3,8389,52
6,5,12,4,8389,52
6,5,12,5,8389,52
6,5,12,6,8389,52
6,5,12,7,8389,52
6,5,12,8,8389,52
6,5,12,9,8389,52
6,5,13,0,9067,56
6,5,13,1,9067,56
6,5,13,2,9067,56
6,5,13,3,9067,56
6,5,13,4,9067,56
6,5,13,5,9067,56
6,5,13,6,9067,56
6,5,13,7,9067,56
6,5,13,8,9067,56
6,5,13,9,9067,56
6,5,14,0,9745,60
6,5,14,1,9745,60
6,5,14,2,9745,60
6,5,14,3,9745,60
6,5,14,4,9745,60
6,5,14,5,9745,60
6,5,14,6,9745,60
6,5,14,7,9745,60
6,5,14,9,9745,60
6,5,14,8,9745,60
6,5,15,0,10423,64
6,5,15,2,10423,64
6,5,15,1,10423,64
6,5,15,3,10423,64
6,5,15,4,10423,64
6,5,15,5,10423,64
6,5,15,6,10423,64
6,5,15,8,10423,64
6,5,15,7,10423,64
6,5,15,9,10423,64
6,5,16,0,11101,68
6,5,16,1,11101,68
6,5,16,2,11101,68
6,5,16,3,11101,68
6,5,16,4,11101,68
6,5,16,5,11101,68
6,5,16,6,11101,68
6,5,16,7,11101,68
6,5,16,8,11101,68
6,5,16,9,11101,68
6,5,17,0,11779,72
6,5,17,1,11779,72
6,5,17,2,11779,72
6,5,17,3,11779,72
6,5,17,4,11779,72
6,5,17,5,11779,72
6,5,17,6,11779,72
6,5,17,7,11779,72
6,5,17,8,11779,72
6,5,17,9,11779,72
6,5,18,0,12457,76
6,5,18,1,12457,76
6,5,18,3,12457,76
6,5,18,4,12457,76
6,5,18,2,12457,76
6,5,18,5,12457,76
6,5,18,6,12457,76
6,5,18,7,12457,76
6,5,18,8,12457,76
6,5,18,9,12457,76
6,5,19,2,13135,80
6,5,19,1,13135,80
6,5,19,0,13135,80
6,5,19,3,13135,80
6,5,19,4,13135,80
6,5,19,5,13135,80
6,5,19,6,13135,80
6,5,19,7,13135,80
6,5,19,8,13135,80
6,5,19,9,13135,80
6,5,20,0,13813,84
6,5,20,1,13813,84
6,5,20,2,13813,84
6,5,20,3,13813,84
6,5,20,4,13813,84
6,5,20,5,13813,84
6,5,20,6,13813,84
6,5,20,8,13813,84
6,5,20,7,13813,84
6,5,20,9,13813,84
6,5,21,0,14491,88
6,5,21,1,14491,88
6,5,21,2,14491,88
6,5,21,3,14491,88
6,5,21,4,14491,88
6,5,21,5,14491,88
6,5,21,6,14491,88
6,5,21,7,14491,88
6,5,21,8,14491,88
6,5,21,9,14491,88
6,5,22,0,15169,92
6,5,22,1,15169,92
6,5,22,2,15169,92
6,5,22,4,15169,92
6,5,22,3,15169,92
6,5,22,5,15169,92
6,5,22,6,15169,92
6,5,22,7,15169,92
6,5,22,8,15169,92
6,5,22,9,15169,92
6,5,23,0,15847,96
6,5,23,1,15847,96
6,5,23,2,15847,96
6,5,23,3,15847,96
6,5,23,4,15847,96
6,5,23,5,15847,96
6,5,23,6,15847,96
6,5,23,7,15847,96
6,5,23,8,15847,96
6,5,23,9,15847,96
6,5,24,0,16525,100
6,5,24,1,16525,100
6,5,24,2,16525,100
6,5,24,3,16525,100
6,5,24,4,16525,100
6,5,24,5,16525,100
6,5,24,6,16525,100
6,5,24,7,16525,100
6,5,24,8,16525,100
6,5,24,9,16525,100
7,1,5,0,7498,26
7,1,5,1,7498,26
7,1,5,2,7498,26
7,1,5,3,7498,26
7,1,5,4,7498,26
7,1,5,5,7498,26
7,1,5,6,7498,26
7,1,5,7,7498,26
7,1,5,8,7498,26
7,1,5,9,7498,26
7,1,6,0,8891,30
7,1,6,1,8891,30
7,1,6,2,8891,30
7,1,6,4,8891,30
7,1,6,3,8891,30
7,1,6,5,8891,30
7,1,6,6,8891,30
7,1,6,7,8891,30
7,1,6,8,8891,30
7,1,6,9,8891,30
7,1,7,1,10284,34
7,1,7,2,10284,34
7,1,7,3,10284,34
7,1,7,0,10284,34
7,1,7,4,10284,34
7,1,7,5,10284,34
7,1,7,7,10284,34
7,1,7,6,10284,34
7,1,7,9,10284,34
7,1,7,8,10284,34
7,1,8,0,11677,38
7,1,8,1,11677,38
7,1,8,2,11677,38
7,1,8,3,11677,38
7,1,8,5,11677,38
7,1,8,6,11677,38
7,1,8,8,11677,38
7,1,8,7,11677,38
7,1,8,4,11677,38
7,1,9,0,13070,42
7,1,8,9,11677,38
7,1,9,1,13070,42
7,1,9,4,13070,42
7,1,9,2,13070,42
7,1,9,6,13070,42
7,1,9,7,13070,42
7,1,9,3,13070,42
7,1,9,5,13070,42
7,1,9,8,13070,42
7,1,9,9,13070,42
7,1,10,4,14463,46
7,1,10,0,14463,46
7,1,10,1,14463,46
7,1,10,2,14463,46
7,1,10,3,14463,46
7,1,10,5,14463,46
7,1,10,6,14463,46
7,1,10,7,14463,46
7,1,10,8,14463,46
7,1,10,9,14463,46
7,1,11,0,15856,50
7,1,11,2,15856,50
7,1,11,1,15856,50
7,1,11,3,15856,50
7,1,11,4,15856,50
7,1,11,5,15856,50
7,1,11,6,15856,50
7,1,11,7,15856,50
7,1,12,1,17249,54
7,1,12,3,17249,54
7,1,11,8,15856,50
7,1,11,9,15856,50
7,1,12,0,17249,54
7,1,12,2,17249,54
7,1,12,4,17249,54
7,1,12,5,17249,54
7,1,12,6,17249,54
7,1,12,7,17249,54
7,1,12,8,17249,54
7,1,12,9,17249,54
7,1,13,0,18642,58
7,1,13,1,18642,58
7,1,13,2,18642,58
7,1,13,3,18642,58
7,1,13,4,18642,58
7,1,13,5,18642,58
7,1,13,6,18642,58
7,1,13,7,18642,58
7,1,13,8,18642,58
7,1,13,9,18642,58
7,1,14,0,20035,62
7,1,14,1,20035,62
7,1,14,2,20035,62
7,1,14,3,20035,62
7,1,14,4,20035,62
7,1,14,5,20035,62
7,1,14,6,20035,62
7,1,14,7,20035,62
7,1,14,8,20035,62
7,1,14,9,20035,62
7,1,15,0,21428,66
7,1,15,1,21428,66
7,1,15,6,21428,66
7,1,15,2,21428,66
7,1,15,3,21428,66
7,1,15,4,21428,66
7,1,15,5,21428,66
7,1,15,7,21428,66
7,1,15,8,21428,66
7,1,15,9,21428,66
7,1,16,0,22821,70
7,1,16,2,22821,70
7,1,16,1,22821,70
7,1,16,3,22821,70
7,1,16,4,22821,70
7,1,17,1,24214,74
7,1,16,5,22821,70
7,1,16,6,22821,70
7,1,16,7,22821,70
7,1,16,8,22821,70
7,1,16,9,22821,70
7,1,17,0,24214,74
7,1,17,2,24214,74
7,1,17,8,24214,74
7,1,17,3,24214,74
7,1,17,4,24214,74
7,1,18,0,25607,78
7,1,17,5,24214,74
7,1,17,6,24214,74
7,1,17,7,24214,74
7,1,17,9,24214,74
7,1,18,1,25607,78
7,1,18,2,25607,78
7,1,18,3,25607,78
7,1,18,4,25607,78
7,1,18,5,25607,78
7,1,18,6,25607,78
7,1,18,7,25607,78
7,1,19,1,27000,82
7,1,19,2,27000,82
7,1,18,8,25607,78
7,1,18,9,25607,78
7,1,19,0,27000,82
7,1,19,3,27000,82
7,1,19,4,27000,82
7,1,19,5,27000,82
7,1,19,6,27000,82
7,1,19,7,27000,82
7,1,20,1,28393,86
7,1,19,8,27000,82
7,1,19,9,27000,82
7,1,20,0,28393,86
7,1,20,2,28393,86
7,1,20,3,28393,86
7,1,20,9,28393,86
7,1,20,4,28393,86
7,1,20,5,28393,86
7,1,20,6,28393,86
7,1,20,7,28393,86
7,1,20,8,28393,86
7,1,21,6,29786,90
7,1,21,0,29786,90
7,1,21,1,29786,90
7,1,21,2,29786,90
7,1,21,3,29786,90
7,1,21,4,29786,90
7,1,21,5,29786,90
7,1,21,7,29786,90
7,1,21,8,29786,90
7,1,21,9,29786,90
7,1,22,1,31179,94
7,1,22,0,31179,94
7,1,22,2,31179,94
7,1,22,3,31179,94
7,1,22,4,31179,94
7,1,22,5,31179,94
7,1,22,6,31179,94
7,1,22,7,31179,94
7,1,23,3,32572,98
7,1,22,8,31179,94
7,1,22,9,31179,94
7,1,23,0,32572,98
7,1,23,1,32572,98
7,1,23,2,32572,98
7,1,23,4,32572,98
7,1,23,5,32572,98
7,1,23,6,32572,98
7,1,23,7,32572,98
7,1,23,8,32572,98
7,1,23,9,32572,98
7,1,24,0,33965,102
7,1,24,1,33965,102
7,1,24,2,33965,102
7,1,24,3,33965,102
7,1,24,4,33965,102
7,1,24,6,33965,102
7,1,24,5,33965,102
7,1,24,7,33965,102
7,1,24,8,33965,102
7,1,24,9,33965,102
7,2,5,0,7498,26
7,2,5,1,7498,26
7,2,5,2,7498,26
7,2,5,3,7498,26
7,2,5,4,7498,26
7,2,5,5,7498,26
7,2,5,8,7498,26
7,2,5,6,7498,26
7,2,5,7,7498,26
7,2,5,9,7498,26
7,2,6,0,8891,30
7,2,6,1,8891,30
7,2,6,2,8891,30
7,2,6,4,8891,30
7,2,6,5,8891,30
7,2,6,3,8891,30
7,2,6,7,8891,30
7,2,6,6,8891,30
7,2,7,3,10284,34
7,2,6,8,8891,30
7,2,6,9,8891,30
7,2,7,0,10284,34
7,2,7,1,10284,34
7,2,7,2,10284,34
7,2,7,4,10284,34
7,2,7,5,10284,34
7,2,7,6,10284,34
7,2,7,7,10284,34
7,2,7,8,10284,34
7,2,7,9,10284,34
7,2,8,0,11677,38
7,2,8,1,11677,38
7,2,8,2,11677,38
7,2,8,3,11677,38
7,2,8,4,11677,38
7,2,9,1,13070,42
7,2,8,5,11677,38
7,2,8,6,11677,38
7,2,8,7,11677,38
7,2,8,8,11677,38
7,2,8,9,11677,38
7,2,9,0,13070,42
7,2,9,8,13070,42
7,2,9,3,13070,42
7,2,9,2,13070,42
7,2,9,4,13070,42
7,2,9,5,13070,42
7,2,9,6,13070,42
7,2,9,7,13070,42
7,2,9,9,13070,42
7,2,10,0,14463,46
7,2,10,1,14463,46
7,2,10,2,14463,46
7,2,10,8,14463,46
7,2,10,4,14463,46
7,2,10,3,14463,46
7,2,10,5,14463,46
7,2,10,6,14463,46
7,2,10,7,14463,46
7,2,10,9,14463,46
7,2,11,0,15856,50
7,2,11,1,15856,50
7,2,11,2,15856,50
7,2,11,3,15856,50
7,2,11,4,15856,50
7,2,11,5,15856,50
7,2,11,6,15856,50
7,2,12,3,17249,54
7,2,11,7,15856,50
7,2,11,8,15856,50
7,2,11,9,15856,50
7,2,12,1,17249,54
7,2,12,0,17249,54
7,2,12,2,17249,54
7,2,12,4,17249,54
7,2,12,5,17249,54
7,2,12,6,17249,54
7,2,12,7,17249,54
7,2,12,8,17249,54
7,2,13,0,18642,58
7,2,12,9,17249,54
7,2,13,1,18642,58
7,2,13,2,18642,58
7,2,13,3,18642,58
7,2,13,4,18642,58
7,2,13,5,18642,58
7,2,13,6,18642,58
7,2,13,8,18642,58
7,2,13,7,18642,58
7,2,13,9,18642,58
7,2,14,0,20035,62
7,2,14,1,20035,62
7,2,14,2,20035,62
7,2,14,3,20035,62
7,2,14,4,20035,62
7,2,14,5,20035,62
7,2,14,6,20035,62
7,2,14,7,20035,62
7,2,14,8,20035,62
7,2,15,3,21428,66
7,2,14,9,20035,62
7,2,15,0,21428,66
7,2,15,1,21428,66
7,2,15,4,21428,66
7,2,15,2,21428,66
7,2,15,5,21428,66
7,2,16,0,22821,70
7,2,15,6,21428,66
7,2,15,7,21428,66
7,2,15,8,21428,66
7,2,16,5,22821,70
7,2,15,9,21428,66
7,2,16,1,22821,70
7,2,16,2,22821,70
7,2,16,3,22821,70
7,2,16,4,22821,70
7,2,16,6,22821,70
7,2,16,7,22821,70
7,2,16,8,22821,70
7,2,16,9,22821,70
7,2,17,0,24214,74
7,2,17,1,24214,74
7,2,17,2,24214,74
7,2,17,7,24214,74
7,2,17,3,24214,74
7,2,17,4,24214,74
7,2,17,5,24214,74
7,2,17,6,24214,74
7,2,18,5,25607,78
7,2,17,8,24214,74
7,2,17,9,24214,74
7,2,18,1,25607,78
7,2,18,0,25607,78
7,2,18,2,25607,78
7,2,18,7,25607,78
7,2,18,3,25607,78
7,2,19,0,27000,82
7,2,18,4,25607,78
7,2,19,2,27000,82
7,2,18,6,25607,78
7,2,18,9,25607,78
7,2,18,8,25607,78
7,2,19,1,27000,82
7,2,19,7,27000,82
7,2,19,3,27000,82
7,2,19,4,27000,82
7,2,19,5,27000,82
7,2,19,6,27000,82
7,2,20,2,28393,86
7,2,20,3,28393,86
7,2,20,4,28393,86
7,2,19,9,27000,82
7,2,19,8,27000,82
7,2,20,0,28393,86
7,2,20,1,28393,86
7,2,20,5,28393,86
7,2,20,6,28393,86
7,2,20,7,28393,86
7,2,20,8,28393,86
7,2,20,9,28393,86
7,2,21,0,29786,90
7,2,21,1,29786,90
7,2,21,2,29786,90
7,2,21,3,29786,90
7,2,22,0,31179,94
7,2,21,5,29786,90
7,2,21,4,29786,90
7,2,21,6,29786,90
7,2,21,7,29786,90
7,2,21,8,29786,90
7,2,21,9,29786,90
7,2,22,1,31179,94
7,2,22,2,31179,94
7,2,22,3,31179,94
7,2,22,4,31179,94
7,2,22,5,31179,94
7,2,22,6,31179,94
7,2,22,7,31179,94
7,2,22,8,31179,94
7,2,23,2,32572,98
7,2,23,4,32572,98
7,2,22,9,31179,94
7,2,23,0,32572,98
7,2,23,1,32572,98
7,2,23,3,32572,98
7,2,23,5,32572,98
7,2,23,6,32572,98
7,2,23,7,32572,98
7,2,23,8,32572,98
7,2,23,9,32572,98
7,2,24,0,33965,102
7,2,24,1,33965,102
7,2,24,2,33965,102
7,2,24,3,33965,102
7,2,24,7,33965,102
7,2,24,4,33965,102
7,2,24,5,33965,102
7,2,24,6,33965,102
7,2,24,8,33965,102
7,2,24,9,33965,102
7,3,5,5,7498,26
7,3,5,0,7498,26
7,3,5,1,7498,26
7,3,5,2,7498,26
7,3,5,3,7498,26
7,3,5,4,7498,26
7,3,5,6,7498,26
7,3,5,7,7498,26
7,3,5,8,7498,26
7,3,5,9,7498,26
7,3,6,0,8891,30
7,3,6,1,8891,30
7,3,6,2,8891,30
7,3,6,3,8891,30
7,3,6,7,8891,30
7,3,7,2,10284,34
7,3,6,4,8891,30
7,3,6,5,8891,30
7,3,6,6,8891,30
7,3,6,8,8891,30
7,3,6,9,8891,30
7,3,7,0,10284,34
7,3,7,1,10284,34
7,3,7,3,10284,34
7,3,7,4,10284,34
7,3,7,5,10284,34
7,3,7,6,10284,34
7,3,8,1,11677,38
7,3,7,7,10284,34
7,3,7,8,10284,34
7,3,7,9,10284,34
7,3,8,0,11677,38
7,3,8,2,11677,38
7,3,8,3,11677,38
7,3,8,4,11677,38
7,3,8,5,11677,38
7,3,8,7,11677,38
7,3,8,6,11677,38
7,3,8,8,11677,38
7,3,8,9,11677,38
7,3,9,0,13070,42
7,3,9,1,13070,42
7,3,9,2,13070,42
7,3,9,3,13070,42
7,3,9,4,13070,42
7,3,9,5,13070,42
7,3,9,6,13070,42
7,3,9,7,13070,42
7,3,10,0,14463,46
7,3,9,8,13070,42
7,3,9,9,13070,42
7,3,10,1,14463,46
7,3,10,2,14463,46
7,3,10,3,14463,46
7,3,10,4,14463,46
7,3,10,7,14463,46
7,3,10,5,14463,46
7,3,10,6,14463,46
7,3,10,8,14463,46
7,3,10,9,14463,46
7,3,11,0,15856,50
7,3,11,1,15856,50
7,3,11,2,15856,50
7,3,11,3,15856,50
7,3,11,4,15856,50
7,3,11,5,15856,50
7,3,11,6,15856,50
7,3,11,7,15856,50
7,3,11,8,15856,50
7,3,11,9,15856,50
7,3,12,0,17249,54
7,3,12,2,17249,54
7,3,12,1,17249,54
7,3,12,3,17249,54
7,3,12,6,17249,54
7,3,12,8,17249,54
7,3,12,4,17249,54
7,3,13,3,18642,58
7,3,12,5,17249,54
7,3,12,7,17249,54
7,3,13,0,18642,58
7,3,12,9,17249,54
7,3,13,1,18642,58
7,3,13,2,18642,58
7,3,13,4,18642,58
7,3,13,5,18642,58
7,3,13,6,18642,58
7,3,13,7,18642,58
7,3,13,9,18642,58
7,3,13,8,18642,58
7,3,14,0,20035,62
7,3,14,1,20035,62
7,3,14,5,20035,62
7,3,14,2,20035,62
7,3,14,9,20035,62
7,3,14,3,20035,62
7,3,14,4,20035,62
7,3,14,7,20035,62
7,3,14,6,20035,62
7,3,15,1,21428,66
7,3,14,8,20035,62
7,3,15,0,21428,66
7,3,15,2,21428,66
7,3,15,3,21428,66
7,3,15,4,21428,66
7,3,15,5,21428,66
7,3,15,6,21428,66
7,3,15,7,21428,66
7,3,15,8,21428,66
7,3,16,1,22821,70
7,3,15,9,21428,66
7,3,16,0,22821,70
7,3,16,2,22821,70
7,3,16,3,22821,70
7,3,16,4,22821,70
7,3,16,5,22821,70
7,3,16,6,22821,70
7,3,16,7,22821,70
7,3,17,2,24214,74
7,3,16,8,22821,70
7,3,17,5,24214,74
7,3,16,9,22821,70
7,3,17,0,24214,74
7,3,17,1,24214,74
7,3,17,3,24214,74
7,3,17,4,24214,74
7,3,17,6,24214,74
7,3,17,7,24214,74
7,3,17,8,24214,74
7,3,17,9,24214,74
7,3,18,0,25607,78
7,3,18,1,25607,78
7,3,18,2,25607,78
7,3,18,3,25607,78
7,3,18,9,25607,78
7,3,18,4,25607,78
7,3,18,5,25607,78
7,3,18,6,25607,78
7,3,18,7,25607,78
7,3,18,8,25607,78
7,3,19,0,27000,82
7,3,19,1,27000,82
7,3,19,2,27000,82
7,3,19,3,27000,82
7,3,19,4,27000,82
7,3,19,5,27000,82
7,3,19,6,27000,82
7,3,19,7,27000,82
7,3,19,8,27000,82
7,3,19,9,27000,82
7,3,20,0,28393,86
7,3,20,1,28393,86
7,3,20,2,28393,86
7,3,20,3,28393,86
7,3,20,4,28393,86
7,3,20,5,28393,86
7,3,20,6,28393,86
7,3,20,7,28393,86
7,3,20,8,28393,86
7,3,20,9,28393,86
7,3,21,4,29786,90
7,3,21,0,29786,90
7,3,21,1,29786,90
7,3,21,2,29786,90
7,3,21,3,29786,90
7,3,21,5,29786,90
7,3,21,6,29786,90
7,3,21,7,29786,90
7,3,21,8,29786,90
7,3,21,9,29786,90
7,3,22,0,31179,94
7,3,22,1,31179,94
7,3,22,2,31179,94
7,3,22,3,31179,94
7,3,22,4,31179,94
7,3,22,6,31179,94
7,3,22,5,31179,94
7,3,22,7,31179,94
7,3,22,8,31179,94
7,3,22,9,31179,94
7,3,23,0,32572,98
7,3,23,1,32572,98
7,3,23,7,32572,98
7,3,23,2,32572,98
7,3,23,3,32572,98
7,3,23,4,32572,98
7,3,23,5,32572,98
7,3,23,6,32572,98
7,3,23,8,32572,98
7,3,24,4,33965,102
7,3,24,5,33965,102
7,3,23,9,32572,98
7,3,24,0,33965,102
7,3,24,1,33965,102
7,3,24,2,33965,102
7,3,24,3,33965,102
7,3,24,6,33965,102
7,3,24,7,33965,102
7,3,24,8,33965,102
7,3,24,9,33965,102
7,4,5,0,7498,26
7,4,5,1,7498,26
7,4,5,2,7498,26
7,4,5,3,7498,26
7,4,5,4,7498,26
7,4,5,5,7498,26
7,4,5,6,7498,26
7,4,5,7,7498,26
7,4,5,8,7498,26
7,4,5,9,7498,26
7,4,6,0,8891,30
7,4,6,1,8891,30
7,4,6,6,8891,30
7,4,6,2,8891,30
7,4,6,3,8891,30
7,4,6,4,8891,30
7,4,6,5,8891,30
7,4,6,8,8891,30
7,4,7,3,10284,34
7,4,6,7,8891,30
7,4,6,9,8891,30
7,4,7,0,10284,34
7,4,7,1,10284,34
7,4,7,2,10284,34
7,4,7,4,10284,34
7,4,7,5,10284,34
7,4,7,6,10284,34
7,4,7,7,10284,34
7,4,7,8,10284,34
7,4,7,9,10284,34
7,4,8,6,11677,38
7,4,8,0,11677,38
7,4,8,1,11677,38
7,4,8,2,11677,38
7,4,8,4,11677,38
7,4,8,3,11677,38
7,4,8,5,11677,38
7,4,8,7,11677,38
7,4,8,9,11677,38
7,4,8,8,11677,38
7,4,9,0,13070,42
7,4,9,1,13070,42
7,4,9,8,13070,42
7,4,9,3,13070,42
7,4,9,2,13070,42
7,4,9,4,13070,42
7,4,9,5,13070,42
7,4,9,7,13070,42
7,4,9,6,13070,42
7,4,9,9,13070,42
7,4,10,0,14463,46
7,4,10,1,14463,46
7,4,10,2,14463,46
7,4,10,3,14463,46
7,4,10,4,14463,46
7,4,10,5,14463,46
7,4,10,6,14463,46
7,4,10,7,14463,46
7,4,10,8,14463,46
7,4,10,9,14463,46
7,4,11,0,15856,50
7,4,11,1,15856,50
7,4,11,2,15856,50
7,4,11,3,15856,50
7,4,11,4,15856,50
7,4,11,5,15856,50
7,4,11,6,15856,50
7,4,11,7,15856,50
7,4,11,8,15856,50
7,4,11,9,15856,50
7,4,12,0,17249,54
7,4,12,1,17249,54
7,4,12,2,17249,54
7,4,12,3,17249,54
7,4,12,6,17249,54
7,4,12,4,17249,54
7,4,12,5,17249,54
7,4,12,7,17249,54
7,4,12,8,17249,54
7,4,12,9,17249,54
7,4,13,0,18642,58
7,4,13,1,18642,58
7,4,13,4,18642,58
7,4,13,2,18642,58
7,4,13,3,18642,58
7,4,13,5,18642,58
7,4,13,6,18642,58
7,4,13,7,18642,58
7,4,13,8,18642,58
7,4,13,9,18642,58
7,4,14,0,20035,62
7,4,14,1,20035,62
7,4,14,2,20035,62
7,4,14,3,20035,62
7,4,14,4,20035,62
7,4,14,5,20035,62
7,4,14,6,20035,62
7,4,14,7,20035,62
7,4,14,8,20035,62
7,4,15,0,21428,66
7,4,15,4,21428,66
7,4,14,9,20035,62
7,4,15,1,21428,66
7,4,15,2,21428,66
7,4,15,3,21428,66
7,4,15,5,21428,66
7,4,15,6,21428,66
7,4,15,7,21428,66
7,4,15,8,21428,66
7,4,15,9,21428,66
7,4,16,0,22821,70
7,4,16,3,22821,70
7,4,16,1,22821,70
7,4,16,2,22821,70
7,4,16,5,22821,70
7,4,16,4,22821,70
7,4,16,6,22821,70
7,4,16,7,22821,70
7,4,16,8,22821,70
7,4,16,9,22821,70
7,4,17,0,24214,74
7,4,17,6,24214,74
7,4,17,1,24214,74
7,4,17,3,24214,74
7,4,17,2,24214,74
7,4,17,4,24214,74
7,4,17,5,24214,74
7,4,17,8,24214,74
7,4,17,7,24214,74
7,4,17,9,24214,74
7,4,18,0,25607,78
7,4,18,5,25607,78
7,4,18,1,25607,78
7,4,18,2,25607,78
7,4,18,3,25607,78
7,4,18,4,25607,78
7,4,18,6,25607,78
7,4,19,2,27000,82
7,4,18,7,25607,78
7,4,18,8,25607,78
7,4,18,9,25607,78
7,4,19,0,27000,82
7,4,19,1,27000,82
7,4,19,3,27000,82
7,4,19,4,27000,82
7,4,19,5,27000,82
7,4,19,6,27000,82
7,4,19,7,27000,82
7,4,19,8,27000,82
7,4,20,0,28393,86
7,4,19,9,27000,82
7,4,20,1,28393,86
7,4,20,2,28393,86
7,4,20,3,28393,86
7,4,20,4,28393,86
7,4,20,5,28393,86
7,4,20,6,28393,86
7,4,21,0,29786,90
7,4,20,8,28393,86
7,4,20,7,28393,86
7,4,20,9,28393,86
7,4,21,1,29786,90
7,4,21,2,29786,90
7,4,21,3,29786,90
7,4,21,4,29786,90
7,4,21,5,29786,90
7,4,22,0,31179,94
7,4,22,1,31179,94
7,4,21,7,29786,90
7,4,21,6,29786,90
7,4,22,2,31179,94
7,4,21,8,29786,90
7,4,22,4,31179,94
7,4,21,9,29786,90
7,4,22,3,31179,94
7,4,22,5,31179,94
7,4,22,6,31179,94
7,4,22,7,31179,94
7,4,22,8,31179,94
7,4,22,9,31179,94
7,4,23,0,32572,98
7,4,23,1,32572,98
7,4,23,2,32572,98
7,4,23,3,32572,98
7,4,23,4,32572,98
7,4,23,5,32572,98
7,4,23,6,32572,98
7,4,23,7,32572,98
7,4,23,8,32572,98
7,4,23,9,32572,98
7,4,24,5,33965,102
7,4,24,0,33965,102
7,4,24,7,33965,102
7,4,24,8,33965,102
7,4,24,1,33965,102
7,4,24,3,33965,102
7,4,24,2,33965,102
7,4,24,4,33965,102
7,4,24,6,33965,102
7,4,24,9,33965,102
7,5,5,0,7498,26
7,5,5,1,7498,26
7,5,5,2,7498,26
7,5,5,3,7498,26
7,5,5,4,7498,26
7,5,5,5,7498,26
7,5,5,6,7498,26
7,5,5,7,7498,26
7,5,5,8,7498,26
7,5,5,9,7498,26
7,5,6,0,8891,30
7,5,6,1,8891,30
7,5,6,2,8891,30
7,5,6,3,8891,30
7,5,6,4,8891,30
7,5,6,5,8891,30
7,5,6,6,8891,30
7,5,6,7,8891,30
7,5,6,8,8891,30
7,5,6,9,8891,30
7,5,7,0,10284,34
7,5,7,1,10284,34
7,5,7,2,10284,34
7,5,7,3,10284,34
7,5,7,4,10284,34
7,5,7,5,10284,34
7,5,7,6,10284,34
7,5,7,7,10284,34
7,5,7,8,10284,34
7,5,7,9,10284,34
7,5,8,0,11677,38
7,5,8,5,11677,38
7,5,8,4,11677,38
7,5,8,1,11677,38
7,5,8,2,11677,38
7,5,8,3,11677,38
7,5,8,6,11677,38
7,5,8,7,11677,38
7,5,9,2,13070,42
7,5,8,8,11677,38
7,5,8,9,11677,38
7,5,9,0,13070,42
7,5,9,1,13070,42
7,5,9,3,13070,42
7,5,9,4,13070,42
7,5,9,5,13070,42
7,5,9,6,13070,42
7,5,9,7,13070,42
7,5,9,9,13070,42
7,5,9,8,13070,42
7,5,10,0,14463,46
7,5,10,1,14463,46
7,5,10,2,14463,46
7,5,10,3,14463,46
7,5,10,4,14463,46
7,5,10,5,14463,46
7,5,10,6,14463,46
7,5,10,7,14463,46
7,5,11,0,15856,50
7,5,11,2,15856,50
7,5,10,8,14463,46
7,5,10,9,14463,46
7,5,11,7,15856,50
7,5,11,1,15856,50
7,5,11,3,15856,50
7,5,11,4,15856,50
7,5,11,5,15856,50
7,5,11,6,15856,50
7,5,11,8,15856,50
7,5,11,9,15856,50
7,5,12,0,17249,54
7,5,12,1,17249,54
7,5,12,2,17249,54
7,5,12,4,17249,54
7,5,12,3,17249,54
7,5,12,5,17249,54
7,5,12,6,17249,54
7,5,12,7,17249,54
7,5,12,8,17249,54
7,5,12,9,17249,54
7,5,13,0,18642,58
7,5,13,1,18642,58
7,5,13,2,18642,58
7,5,13,3,18642,58
7,5,13,4,18642,58
7,5,13,8,18642,58
7,5,13,5,18642,58
7,5,14,1,20035,62
7,5,13,6,18642,58
7,5,13,7,18642,58
7,5,13,9,18642,58
7,5,14,0,20035,62
7,5,14,2,20035,62
7,5,14,3,20035,62
7,5,14,4,20035,62
7,5,14,5,20035,62
7,5,14,6,20035,62
7,5,15,0,21428,66
7,5,14,7,20035,62
7,5,15,3,21428,66
7,5,14,8,20035,62
7,5,14,9,20035,62
7,5,15,1,21428,66
7,5,15,2,21428,66
7,5,15,5,21428,66
7,5,15,4,21428,66
7,5,15,6,21428,66
7,5,15,7,21428,66
7,5,15,9,21428,66
7,5,15,8,21428,66
7,5,16,0,22821,70
7,5,16,1,22821,70
7,5,16,3,22821,70
7,5,16,2,22821,70
7,5,16,4,22821,70
7,5,16,5,22821,70
7,5,16,6,22821,70
7,5,16,7,22821,70
7,5,17,1,24214,74
7,5,16,8,22821,70
7,5,16,9,22821,70
7,5,17,0,24214,74
7,5,17,2,24214,74
7,5,17,3,24214,74
7,5,17,4,24214,74
7,5,17,9,24214,74
7,5,17,5,24214,74
7,5,17,6,24214,74
7,5,17,7,24214,74
7,5,18,5,25607,78
7,5,17,8,24214,74
7,5,18,0,25607,78
7,5,18,1,25607,78
7,5,18,3,25607,78
7,5,18,2,25607,78
7,5,18,4,25607,78
7,5,18,6,25607,78
7,5,18,7,25607,78
7,5,18,8,25607,78
7,5,18,9,25607,78
7,5,19,0,27000,82
7,5,19,2,27000,82
7,5,19,1,27000,82
7,5,19,3,27000,82
7,5,19,4,27000,82
7,5,19,6,27000,82
7,5,19,5,27000,82
7,5,19,7,27000,82
7,5,19,8,27000,82
7,5,19,9,27000,82
7,5,20,0,28393,86
7,5,20,1,28393,86
7,5,20,2,28393,86
7,5,20,3,28393,86
7,5,20,4,28393,86
7,5,20,5,28393,86
7,5,20,6,28393,86
7,5,20,7,28393,86
7,5,20,8,28393,86
7,5,20,9,28393,86
7,5,21,0,29786,90
7,5,21,5,29786,90
7,5,21,1,29786,90
7,5,21,2,29786,90
7,5,21,3,29786,90
7,5,21,4,29786,90
7,5,21,6,29786,90
7,5,21,7,29786,90
7,5,21,8,29786,90
7,5,21,9,29786,90
7,5,22,0,31179,94
7,5,22,1,31179,94
7,5,22,2,31179,94
7,5,22,6,31179,94
7,5,22,3,31179,94
7,5,22,4,31179,94
7,5,22,5,31179,94
7,5,23,1,32572,98
7,5,22,7,31179,94
7,5,22,8,31179,94
7,5,22,9,31179,94
7,5,23,5,32572,98
7,5,23,0,32572,98
7,5,23,2,32572,98
7,5,23,3,32572,98
7,5,23,4,32572,98
7,5,24,1,33965,102
7,5,23,6,32572,98
7,5,23,7,32572,98
7,5,23,8,32572,98
7,5,23,9,32572,98
7,5,24,0,33965,102
7,5,24,2,33965,102
7,5,24,3,33965,102
7,5,24,4,33965,102
7,5,24,5,33965,102
7,5,24,6,33965,102
7,5,24,7,33965,102
7,5,24,8,33965,102
7,5,24,9,33965,102
7,6,5,0,7498,26
7,6,5,1,7498,26
7,6,5,2,7498,26
7,6,5,3,7498,26
7,6,5,4,7498,26
7,6,5,5,7498,26
7,6,5,6,7498,26
7,6,5,7,7498,26
7,6,6,2,8891,30
7,6,6,3,8891,30
7,6,5,9,7498,26
7,6,5,8,7498,26
7,6,6,8,8891,30
7,6,6,0,8891,30
7,6,6,1,8891,30
7,6,6,4,8891,30
7,6,6,5,8891,30
7,6,7,2,10284,34
7,6,6,6,8891,30
7,6,6,7,8891,30
7,6,6,9,8891,30
7,6,7,1,10284,34
7,6,7,0,10284,34
7,6,7,3,10284,34
7,6,7,4,10284,34
7,6,7,5,10284,34
7,6,7,6,10284,34
7,6,7,7,10284,34
7,6,7,8,10284,34
7,6,7,9,10284,34
7,6,8,0,11677,38
7,6,8,1,11677,38
7,6,8,2,11677,38
7,6,8,3,11677,38
7,6,8,4,11677,38
7,6,8,5,11677,38
7,6,8,6,11677,38
7,6,8,7,11677,38
7,6,8,8,11677,38
7,6,8,9,11677,38
7,6,9,1,13070,42
7,6,9,2,13070,42
7,6,9,0,13070,42
7,6,9,3,13070,42
7,6,9,4,13070,42
7,6,9,6,13070,42
7,6,9,5,13070,42
7,6,9,7,13070,42
7,6,9,8,13070,42
7,6,9,9,13070,42
7,6,10,0,14463,46
7,6,10,1,14463,46
7,6,10,2,14463,46
7,6,10,3,14463,46
7,6,10,4,14463,46
7,6,10,5,14463,46
7,6,10,6,14463,46
7,6,10,7,14463,46
7,6,10,8,14463,46
7,6,10,9,14463,46
7,6,11,0,15856,50
7,6,11,4,15856,50
7,6,11,1,15856,50
7,6,11,2,15856,50
7,6,11,3,15856,50
7,6,11,5,15856,50
7,6,11,6,15856,50
7,6,11,7,15856,50
7,6,11,8,15856,50
7,6,11,9,15856,50
7,6,12,0,17249,54
7,6,12,1,17249,54
7,6,12,2,17249,54
7,6,12,3,17249,54
7,6,12,5,17249,54
7,6,12,4,17249,54
7,6,12,6,17249,54
7,6,12,7,17249,54
7,6,12,8,17249,54
7,6,12,9,17249,54
7,6,13,0,18642,58
7,6,13,1,18642,58
7,6,13,3,18642,58
7,6,13,2,18642,58
7,6,13,4,18642,58
7,6,13,5,18642,58
7,6,13,6,18642,58
7,6,13,7,18642,58
7,6,13,8,18642,58
7,6,14,5,20035,62
7,6,14,0,20035,62
7,6,13,9,18642,58
7,6,14,1,20035,62
7,6,14,2,20035,62
7,6,14,3,20035,62
7,6,15,0,21428,66
7,6,14,4,20035,62
7,6,15,2,21428,66
7,6,14,6,20035,62
7,6,14,7,20035,62
7,6,14,8,20035,62
7,6,14,9,20035,62
7,6,15,1,21428,66
7,6,15,3,21428,66
7,6,15,4,21428,66
7,6,15,5,21428,66
7,6,15,6,21428,66
7,6,15,7,21428,66
7,6,15,8,21428,66
7,6,15,9,21428,66
7,6,16,0,22821,70
7,6,16,1,22821,70
7,6,16,2,22821,70
7,6,16,3,22821,70
7,6,16,4,22821,70
7,6,16,6,22821,70
7,6,16,5,22821,70
7,6,16,7,22821,70
7,6,16,8,22821,70
7,6,17,3,24214,74
7,6,16,9,22821,70
7,6,17,0,24214,74
7,6,17,1,24214,74
7,6,17,2,24214,74
7,6,17,8,24214,74
7,6,17,4,24214,74
7,6,17,5,24214,74
7,6,18,1,25607,78
7,6,17,6,24214,74
7,6,17,7,24214,74
7,6,17,9,24214,74
7,6,18,0,25607,78
7,6,18,2,25607,78
7,6,18,4,25607,78
7,6,18,3,25607,78
7,6,18,5,25607,78
7,6,18,6,25607,78
7,6,18,7,25607,78
7,6,18,8,25607,78
7,6,18,9,25607,78
7,6,19,0,27000,82
7,6,19,1,27000,82
7,6,19,2,27000,82
7,6,19,3,27000,82
7,6,19,4,27000,82
7,6,19,5,27000,82
7,6,19,9,27000,82
7,6,19,6,27000,82
7,6,20,1,28393,86
7,6,19,7,27000,82
7,6,19,8,27000,82
7,6,20,0,28393,86
7,6,20,2,28393,86
7,6,20,8,28393,86
7,6,20,3,28393,86
7,6,20,4,28393,86
7,6,20,6,28393,86
7,6,20,5,28393,86
7,6,20,7,28393,86
7,6,20,9,28393,86
7,6,21,0,29786,90
7,6,21,1,29786,90
7,6,21,2,29786,90
7,6,21,3,29786,90
7,6,21,5,29786,90
7,6,21,4,29786,90
7,6,21,6,29786,90
7,6,21,8,29786,90
7,6,21,7,29786,90
7,6,21,9,29786,90
7,6,22,0,31179,94
7,6,22,1,31179,94
7,6,22,3,31179,94
7,6,22,2,31179,94
7,6,22,4,31179,94
7,6,22,5,31179,94
7,6,22,6,31179,94
7,6,22,7,31179,94
7,6,22,8,31179,94
7,6,22,9,31179,94
7,6,23,0,32572,98
7,6,23,1,32572,98
7,6,23,2,32572,98
7,6,23,3,32572,98
7,6,23,4,32572,98
7,6,23,5,32572,98
7,6,23,6,32572,98
7,6,23,7,32572,98
7,6,23,8,32572,98
7,6,23,9,32572,98
7,6,24,0,33965,102
7,6,24,1,33965,102
7,6,24,2,33965,102
7,6,24,3,33965,102
7,6,24,4,33965,102
7,6,24,5,33965,102
7,6,24,6,33965,102
7,6,24,7,33965,102
7,6,24,8,33965,102
7,6,24,9,33965,102
